Workbook

Sheet Instructions
A1: BUYBACK ANALYSIS - European Markets
A3: Project: Do Buybacks Explain European Stock Returns Better Than Earnings Growth?
A5: INDEXES COVERED:
A6: • FTSE MIB (Italy) — 41 companies
A7: • DAX 40 (Germany) — 40 companies
A8: • CAC 40 (France) — 40 companies
A9: • IBEX 35 (Spain) — 35 companies
A10: Total: 156 companies
A12: SHEETS:
A13: 1. Net Income — Annual net income in € millions
A14: 2. Avg Shares Outstanding — Weighted average shares outstanding in millions
A15: 3. Stock Price Return — Annual price return (excluding dividends), as decimal (e.g. 0.15 = 15%)
... A34: • Stellantis and STMicroelectronics appear in both Italy and France indexes — handle as needed

Sheet Net Income
A1: Net Income (€ millions)
A2: Values to be filled manually. Blue cells = data input fields.
A3: Ticker | B3: Company | C3: Country | D3: Index | E3: 2015 | F3: 2016 | G3: 2017 | H3: 2018 | I3: 2019 | J3: 2020 | K3: 2021 | L3: 2022 | M3: 2023 | N3: 2024
A4: FTSE MIB
A5: A2A.MI | B5: A2A | C5: Italy | D5: FTSE MIB | E5: 73000000 | F5: 224000000 | G5: 293000000 | H5: 344000000 | I5: 389000000 | J5: 364000000 | K5: 504000000 | L5: 401000000 | M5: 659000000 | N5: 864000000
A6: AMP.MI | B6: Amplifon | C6: Italy | D6: FTSE MIB | E6: 46805000 | F6: 63620000 | G6: 100578000 | H6: 100443000 | I6: 108666000 | J6: 101004000 | K6: 157785000 | L6: 178525000 | M6: 155139000 | N6: 145374000
A7: G.MI | B7: Assicurazioni Generali | C7: Italy | D7: FTSE MIB | E7: 2030000000 | F7: 2081000000 | G7: 2110000000 | H7: 2309000000 | I7: 2670000000 | J7: 1744000000 | K7: 2847000000 | L7: 2912000000 | M7: 3747000000 | N7: 3724000000
A8: AZM.MI | B8: Azimut Holding | C8: Italy | D8: FTSE MIB | E8: 247421000 | F8: 172685000 | G8: 214786000 | H8: 122146000 | I8: 370011000 | J8: 381690000 | K8: 605457000 | L8: 406461000 | M8: 434567000 | N8: 576165000
A9: BGN.MI | B9: Banca Generali | C9: Italy | D9: FTSE MIB | E9: 203559000 | F9: 155894000 | G9: 204105000 | H9: 180126000 | I9: 272139000 | J9: 274919000 | K9: 323103000 | L9: 213034000 | M9: 326136000 | N9: 431225000
A10: BMED.MI | B10: Banca Mediolanum | C10: Italy | D10: FTSE MIB | E10: 438613000 | F10: 393527000 | G10: 379992000 | H10: 255710000 | I10: 565432000 | J10: 434462000 | K10: 713055000 | L10: 506829000 | M10: 821870000 | N10: 1119629000
A11: BAMI.MI | B11: Banco BPM | C11: Italy | D11: FTSE MIB | E11: 430073000 | F11: -1681660000 | G11: 2616362000 | H11: -59432000 | I11: 797001000 | J11: 20880000 | K11: 569068000 | L11: 685047000 | M11: 1264453000 | N11: 1920393000
A12: BPE.MI | B12: BPER Banca | C12: Italy | D12: FTSE MIB | E12: 220661000 | F12: 14299000 | G12: 176438000 | H12: 401953000 | I12: 379583000 | J12: 236925000 | K12: 525123000 | L12: 1448975000 | M12: 1519496000 | N12: 1402649000
A13: BZU.MI | B13: Buzzi | C13: Italy | D13: FTSE MIB | E13: 125330000 | F13: 145866000 | G13: 391622000 | H13: 382133000 | I13: 385671000 | J13: 560246000 | K13: 541903000 | L13: 458786000 | M13: 966545000 | N13: 942316000
A14: CPR.MI | B14: Campari Group | C14: Italy | D14: FTSE MIB | E14: 175400000 | F14: 166300000 | G14: 356400000 | H14: 296300000 | I14: 308400000 | J14: 187900000 | K14: 284800000 | L14: 333000000 | M14: 330500000 | N14: 201600000
A15: CNHI.MI | B15: CNH Industrial | C15: Italy | D15: FTSE MIB | E15: 253000000 | F15: -252000000 | G15: 295000000 | H15: 1068000000 | I15: 1422000000 | J15: -455000000 | K15: 1723000000 | L15: 2029000000 | M15: 2275000000
A16: DIA.MI | B16: DiaSorin | C16: Italy | D16: FTSE MIB | E16: 100420000 | F16: 112383000 | G16: 139878000 | H16: 158128000 | I16: 175735000 | J16: 247871000 | K16: 310968000 | L16: 240907000 | M16: 159849000 | N16: 188105000
A17: ENEL.MI | B17: Enel | C17: Italy | D17: FTSE MIB | E17: 2196000000 | F17: 2570000000 | G17: 3779000000 | H17: 4789000000 | I17: 2174000000 | J17: 2610000000 | K17: 3189000000 | L17: 1682000000 | M17: 3438000000 | N17: 7016000000
A18: ENI.MI | B18: Eni | C18: Italy | D18: FTSE MIB | E18: -8778000000 | F18: -1464000000 | G18: 3374000000 | H18: 4126000000 | I18: 148000000 | J18: -8635000000 | K18: 5821000000 | L18: 13887000000 | M18: 4771000000 | N18: 2624000000
A19: EXO.MI | B19: Exor | C19: Italy | D19: FTSE MIB
A20: RACE.MI | B20: Ferrari | C20: Italy | D20: FTSE MIB | G20: 535393000 | H20: 784678000 | I20: 695818000 | J20: 607817000 | K20: 830767000 | L20: 932614000 | M20: 1252048000 | N20: 1521877000
A21: FBK.MI | B21: FinecoBank | C21: Italy | D21: FTSE MIB | E21: 191052791 | F21: 211843794 | G21: 214120370 | H21: 241219000 | I21: 288365000 | J21: 323571000 | K21: 380711000 | L21: 428505000 | M21: 609101000 | N21: 652285000
A22: HER.MI | B22: Hera Group | C22: Italy | D22: FTSE MIB | E22: 180000000 | F22: 207300000 | G22: 251400000 | H22: 281900000 | I22: 385700000 | J22: 302700000 | K22: 333500000 | L22: 255200000 | M22: 441400000 | N22: 494500000
A23: INW.MI | B23: Infrastrutture Wireless Italiane | C23: Italy | D23: FTSE MIB | F23: 97924833 | G23: 126740774 | H23: 140760895 | I23: 139313769 | J23: 156666767 | K23: 191395676 | L23: 293339000 | M23: 339497000 | N23: 353900000
A24: IP.MI | B24: Interpump Group | C24: Italy | D24: FTSE MIB | E24: 117639000 | F24: 93850000 | G24: 134442000 | H24: 172905000 | I24: 179170000 | J24: 170980000 | K24: 195882000 | L24: 266497000 | M24: 274269000 | N24: 227063000
A25: ISP.MI | B25: Intesa Sanpaolo | C25: Italy | D25: FTSE MIB | E25: 2739000000 | F25: 3111000000 | G25: 7316000000 | H25: 4050000000 | I25: 4182000000 | J25: 3277000000 | K25: 4185000000 | L25: 4379000000 | M25: 7724000000 | N25: 8666000000
A26: IG.MI | B26: Italgas | C26: Italy | D26: FTSE MIB | G26: 292766000 | H26: 313695000 | I26: 417238000 | J26: 384626000 | K26: 362813000 | L26: 407288000 | M26: 439568000 | N26: 478854000
A27: IVG.MI | B27: Iveco | C27: Italy | D27: FTSE MIB | M27: 218000000 | N27: 349000000
A28: LDO.MI | B28: Leonardo | C28: Italy | D28: FTSE MIB | E28: 487000000 | F28: 505000000 | G28: 277000000 | H28: 509000000 | I28: 821000000 | J28: 241000000 | K28: 586000000 | L28: 927000000 | M28: 658000000 | N28: 1074000000
A29: MB.MI | B29: Mediobanca | C29: Italy | D29: FTSE MIB | E29: 589751000 | F29: 604550000 | G29: 750200000 | H29: 863920000 | I29: 823025000 | J29: 600382000 | K29: 807576000 | L29: 906977000 | M29: 1025986000 | N29: 1273382000
A30: MONC.MI | B30: Moncler | C30: Italy | D30: FTSE MIB | E30: 167863000 | F30: 196043000 | G30: 249688000 | H30: 332395000 | I30: 358685000 | J30: 300351000 | K30: 393533000 | L30: 606697000 | M30: 611931000 | N30: 639596000
A31: NEXI.MI | B31: Nexi | C31: Italy | D31: FTSE MIB | J31: 127926000 | K31: 37729000 | L31: 140023000 | M31: -1027145000 | N31: 167361000
A32: PIRC.MI | B32: Pirelli | C32: Italy | D32: FTSE MIB | H32: 431606000 | I32: 438134000 | J32: 42673000 | K32: 302796000 | L32: 417760000 | M32: 479080000 | N32: 467981000
A33: PST.MI | B33: Poste Italiane | C33: Italy | D33: FTSE MIB | F33: 622000000 | G33: 689000000 | H33: 1399000000 | I33: 1342000000 | J33: 1207000000 | K33: 1578000000 | L33: 1578000000 | M33: 1922000000 | N33: 1994000000
A34: PRY.MI | B34: Prysmian Group | C34: Italy | D34: FTSE MIB | E34: 214000000 | F34: 246000000 | G34: 227000000 | H34: 130000000 | I34: 292000000 | J34: 178000000 | K34: 308000000 | L34: 504000000 | M34: 529000000 | N34: 729000000
A35: SPM.MI | B35: Saipem | C35: Italy | D35: FTSE MIB | E35: -806000000 | F35: -2087000000 | G35: -328000000 | H35: -472000000 | I35: 98000000 | J35: -1117000000 | K35: -2467000000 | L35: -315000000 | M35: 179000000 | N35: 306000000
A36: SRG.MI | B36: Snam | C36: Italy | D36: FTSE MIB | E36: 1238000000 | F36: 861000000 | G36: 897000000 | H36: 960000000 | I36: 1090000000 | J36: 1101000000 | K36: 1496000000 | L36: 671000000 | M36: 1135000000 | N36: 1259000000
A37: STLAM.MI | B37: Stellantis | C37: Italy | D37: FTSE MIB | E37: 334000000 | F37: 1803000000 | G37: 3491000000 | H37: 3608000000 | I37: 6622000000 | J37: 29000000 | K37: 14200000000 | L37: 16799000000 | M37: 18596000000 | N37: 5473000000
A38: STMMI.MI | B38: STMicroelectronics | C38: Italy | D38: FTSE MIB | E38: 175000000 | F38: 121000000 | G38: 218000000 | H38: 1629000000 | I38: 1032000000 | J38: 1106000000 | K38: 2000000000 | L38: 3960000000 | M38: 3985000000 | N38: 1557000000
A39: TEN.MI | B39: Tenaris | C39: Italy | D39: FTSE MIB | E39: -80162000 | F39: 55298000 | G39: 544737000 | H39: 876063000 | I39: 742686000 | J39: -642417000 | K39: 1100191000 | L39: 2553280000 | M39: 3918065000 | N39: 2036445000
A40: TRN.MI | B40: Terna | C40: Italy | D40: FTSE MIB | E40: 595500000 | F40: 633100000 | G40: 688300000 | H40: 706600000 | I40: 757300000 | J40: 785500000 | K40: 789400000 | L40: 857000000 | M40: 885400000 | N40: 1061900000
A41: UCG.MI | B41: UniCredit | C41: Italy | D41: FTSE MIB | E41: 1694240000 | F41: -11790094000 | G41: 5473075000 | H41: 4107000000 | I41: 3373000000 | J41: -2785000000 | K41: 2096000000 | L41: 6458000000 | M41: 9507000000 | N41: 9719000000
A42: UNI.MI | B42: Unipol | C42: Italy | D42: FTSE MIB | E42: 578700000 | F42: 535000000 | G42: -169100000 | H42: 932800000 | I42: 902500000 | J42: 707400000 | K42: 626600000 | L42: 525000000 | M42: 1101000000 | N42: 1074000000
A43: DAX 40
A44: ADS.DE | B44: Adidas | C44: Germany | D44: DAX 40 | E44: 634000000 | F44: 1017000000 | G44: 1097000000 | H44: 1702000000 | I44: 1976000000 | J44: 432000000 | K44: 1492000000 | L44: 254000000 | M44: -75000000 | N44: 764000000
A45: AIR.DE | B45: Airbus | C45: Germany | D45: DAX 40 | E45: 2696000000 | F45: 995000000 | G45: 2873000000 | H45: 3054000000 | I45: -1325000000 | J45: -1169000000 | K45: 4213000000 | L45: 4247000000 | M45: 3789000000 | N45: 4232000000
A46: ALV.DE | B46: Allianz | C46: Germany | D46: DAX 40 | E46: 6616000000 | F46: 6883000000 | G46: 6803000000 | H46: 7462000000 | I46: 7914000000 | J46: 6807000000 | K46: 6610000000 | L46: 6421000000 | M46: 8541000000 | N46: 9931000000
A47: BAS.DE | B47: BASF | C47: Germany | D47: DAX 40 | E47: 3987000000 | F47: 4056000000 | G47: 6078000000 | H47: 4707000000 | I47: 2546000000 | J47: -1471000000 | K47: 5523000000 | L47: -391000000 | M47: 225000000 | N47: 1298000000
A48: BMW.DE | B48: BMW | C48: Germany | D48: DAX 40 | E48: 6369000000 | F48: 6863000000 | G48: 8620000000 | H48: 7117000000 | I48: 4915000000 | J48: 3775000000 | K48: 12382000000 | L48: 17941000000 | M48: 11290000000 | N48: 7290000000
A49: BAYN.DE | B49: Bayer | C49: Germany | D49: DAX 40 | E49: 4110000000 | F49: 4531000000 | G49: 7336000000 | H49: 1695000000 | I49: 2430000000 | J49: -15561000000 | K49: 1000000000 | L49: 4150000000 | M49: -2941000000 | N49: -2552000000
A50: BEI.DE | B50: Beiersdorf | C50: Germany | D50: DAX 40 | E50: 660000000 | F50: 709000000 | G50: 672000000 | H50: 728000000 | I50: 718000000 | J50: 560000000 | K50: 638000000 | L50: 755000000 | M50: 736000000 | N50: 912000000
A51: BNR.DE | B51: Brenntag | C51: Germany | D51: DAX 40 | E51: 365000000 | F51: 360300000 | G51: 360800000 | H51: 460900000 | I51: 466700000 | J51: 466500000 | K51: 448300000 | L51: 886800000 | M51: 714900000 | N51: 536200000
A52: CBK.DE | B52: Commerzbank | C52: Germany | D52: DAX 40 | E52: 1062000000 | F52: 279000000 | G52: 156000000 | H52: 865000000 | I52: 644000000 | J52: -2890000000 | K52: 430000000 | L52: 1435000000 | M52: 2224000000 | N52: 2677000000
A53: CON.DE | B53: Continental | C53: Germany | D53: DAX 40 | E53: 2727400000 | F53: 2802500000 | G53: 2984600000 | H53: 2897300000 | I53: -1171000000 | J53: -918800000 | K53: 1435200000 | L53: 112200000 | M53: 1156400000 | N53: 1168000000
A54: 1COV.DE | B54: Covestro | C54: Germany | D54: DAX 40 | F54: 795000000 | G54: 2009000000 | H54: 1823000000 | I54: 552000000 | J54: 459000000 | K54: 1616000000 | L54: -281000000 | M54: -198000000 | N54: -266000000
A55: DTG.DE | B55: Daimler Truck | C55: Germany | D55: DAX 40 | L55: 2665000000 | M55: 3775000000 | N55: 2900000000
A56: DBK.DE | B56: Deutsche Bank | C56: Germany | D56: DAX 40 | E56: -6794000000 | F56: -1402000000 | G56: -751000000 | H56: 267000000 | I56: -5264000000 | J56: 495000000 | K56: 2365000000 | L56: 5525000000 | M56: 4274000000 | N56: 3366000000
A57: DB1.DE | B57: Deutsche Boerse | C57: Germany | D57: DAX 40 | E57: 665500000 | F57: 1272700000 | G57: 874300000 | H57: 824300000 | I57: 1003900000 | J57: 1079900000 | K57: 1209700000 | L57: 1494400000 | M57: 1724000000 | N57: 1948500000
A58: DHL.DE | B58: Deutsche Post (DHL) | C58: Germany | D58: DAX 40 | E58: 1540000000 | F58: 2639000000 | G58: 2713000000 | H58: 2075000000 | I58: 2623000000 | J58: 2979000000 | K58: 5053000000 | L58: 5359000000 | M58: 3677000000 | N58: 3332000000
A59: P911.DE | B59: Porsche AG | C59: Germany | D59: DAX 40 | M59: 5157000000 | N59: 3592000000
A60: DTE.DE | B60: Deutsche Telekom | C60: Germany | D60: DAX 40 | E60: 3254000000 | F60: 2675000000 | G60: 3461000000 | H60: 2166000000 | I60: 5267000000 | J60: 6748000000 | K60: 6103000000 | L60: 8001000000 | M60: 17788000000 | N60: 11209000000
A61: EOAN.DE | B61: E.ON | C61: Germany | D61: DAX 40 | E61: -6999000000 | F61: -8450000000 | G61: 3925000000 | H61: 3223000000 | I61: 744000000 | J61: 1017000000 | K61: 4691000000 | L61: 1831000000 | M61: 517000000 | N61: 4531000000
A62: FRE.DE | B62: Fresenius | C62: Germany | D62: DAX 40 | E62: 1358000000 | F62: 1593000000 | G62: 1814000000 | H62: 2027000000 | I62: 1883000000 | J62: 1707000000 | K62: 1818000000 | L62: 1372000000 | M62: -594000000 | N62: 471000000
A63: HNR1.DE | B63: Hannover Rueck | C63: Germany | D63: DAX 40 | E63: 1150725000 | F63: 1171229000 | G63: 958555000 | H63: 1059493000 | I63: 1284167000 | J63: 883073000 | K63: 1231334000 | L63: 780800000 | M63: 1824800000 | N63: 2328700000
A64: HEI.DE | B64: Heidelberg Materials | C64: Germany | D64: DAX 40 | E64: 800100000 | F64: 706200000 | G64: 917700000 | H64: 1143000000 | I64: 1090900000 | J64: -1936900000 | K64: 1759000000 | L64: 1596600000 | M64: 1928900000 | N64: 1781800000
A65: HEN3.DE | B65: Henkel | C65: Germany | D65: DAX 40 | E65: 1921000000 | F65: 2053000000 | G65: 2519000000 | H65: 2314000000 | I65: 2085000000 | J65: 1408000000 | K65: 1634000000 | L65: 1259000000 | M65: 1318000000 | N65: 2007000000
A66: IFX.DE | B66: Infineon | C66: Germany | D66: DAX 40 | E66: 632000000 | F66: 744000000 | G66: 790000000 | H66: 1075000000 | I66: 870000000 | J66: 368000000 | K66: 1169000000 | L66: 2179000000 | M66: 3137000000 | N66: 1301000000
A67: MBG.DE | B67: Mercedes-Benz | C67: Germany | D67: DAX 40 | E67: 8424000000 | F67: 8526000000 | G67: 10525000000 | H67: 7249000000 | I67: 2377000000 | J67: 3627000000 | K67: 10660000000 | L67: 14501000000 | M67: 14261000000 | N67: 10207000000
A68: MRK.DE | B68: Merck KGaA | C68: Germany | D68: DAX 40 | E68: 1114800000 | F68: 1629000000 | G68: 2600000000 | H68: 3374000000 | I68: 1320000000 | J68: 1987000000 | K68: 3055000000 | L68: 3326000000 | M68: 2824000000 | N68: 2777000000
A69: MTX.DE | B69: MTU Aero Engines | C69: Germany | D69: DAX 40 | E69: 217600000 | F69: 312200000 | G69: 378200000 | H69: 447000000 | I69: 478100000 | J69: 139000000 | K69: 222000000 | L69: 331000000 | M69: -102000000 | N69: 633000000
A70: MUV2.DE | B70: Munich Re | C70: Germany | D70: DAX 40 | E70: 3107000000 | F70: 2580000000 | G70: 375000000 | H70: 2310000000 | I70: 2724000000 | J70: 1211000000 | K70: 2933000000 | L70: 3432000000 | M70: 4606000000 | N70: 5685000000
A71: PAH3.DE | B71: Porsche Automobil Holding | C71: Germany | D71: DAX 40 | E71: -273000000 | F71: 1374000000 | G71: 3332000000 | H71: 3473000000 | I71: 4407000000 | J71: 2623000000 | K71: 4566000000 | L71: 5492000000 | M71: 5074000000 | N71: -20017000000
... A77: SIE.DE | B77: Siemens | C77: Germany | D77: DAX 40 | E77: 5382000000 | F77: 5348000000 | G77: 5961000000 | H77: 5807000000 | I77: 5183000000 | J77: 4035000000 | K77: 5261000000 | L77: 3723000000 | M77: 7949000000 | N77: 8301000000
A78: ENR.DE | B78: Siemens Energy | C78: Germany | D78: DAX 40 | K78: -453000000 | L78: -467000000 | M78: -4531000000 | N78: 1185000000
A79: SHL.DE | B79: Siemens Healthineers | C79: Germany | D79: DAX 40 | I79: 1567000000 | J79: 1411000000 | K79: 1727000000 | L79: 2038000000 | M79: 1509000000 | N79: 1942000000
A80: SY1.DE | B80: Symrise | C80: Germany | D80: DAX 40 | E80: 246778000 | F80: 252710000 | G80: 270270000 | H80: 275330000 | I80: 298308000 | J80: 306873000 | K80: 374924000 | L80: 280007000 | M80: 340473000 | N80: 478200000
A81: VOW3.DE | B81: Volkswagen | C81: Germany | D81: DAX 40 | E81: -1371000000 | F81: 5369000000 | G81: 11628000000 | H81: 12136000000 | I81: 13886000000 | J81: 8867000000 | K81: 15382000000 | L81: 15457000000 | M81: 16532000000 | N81: 11351000000
A82: VNA.DE | B82: Vonovia | C82: Germany | D82: DAX 40 | E82: 963500000 | F82: 2340700000 | G82: 2450700000 | H82: 2306500000 | I82: 1187000000 | J82: 3268500000 | K82: 2680300000 | L82: -669400000 | M82: -6285100000 | N82: -896000000
A83: ZAL.DE | B83: Zalando | C83: Germany | D83: DAX 40 | E83: 121500000 | F83: 120500000 | G83: 103100000 | H83: 51400000 | I83: 99700000 | J83: 226100000 | K83: 234500000 | L83: 16800000 | M83: 83000000 | N83: 251100000
A84: CAC 40
A85: MC.PA | B85: LVMH | C85: France | D85: CAC 40 | E85: 3573000000 | F85: 4066000000 | G85: 5365000000 | H85: 6354000000 | I85: 7171000000 | J85: 4702000000 | K85: 12036000000 | L85: 14084000000 | M85: 15174000000 | N85: 12550000000
A86: SU.PA | B86: Schneider Electric | C86: France | D86: CAC 40 | E86: 1407000000 | F86: 1750000000 | G86: 2150000000 | H86: 2334000000 | I86: 2413000000 | J86: 2126000000 | K86: 3204000000 | L86: 3477000000 | M86: 4003000000 | N86: 4269000000
A87: AIR.PA | B87: Airbus | C87: France | D87: CAC 40 | E87: 2696000000 | F87: 995000000 | G87: 2361000000 | H87: 3054000000 | I87: -1325000000 | J87: -1169000000 | K87: 4213000000 | L87: 4247000000 | M87: 3789000000 | N87: 4232000000
A88: TTE.PA | B88: TotalEnergies | C88: France | D88: CAC 40 | E88: 5087000000 | F88: 6196000000 | G88: 8631000000 | H88: 11446000000 | I88: 11267000000 | J88: -7242000000 | K88: 16032000000 | L88: 20526000000 | M88: 21384000000 | N88: 15758000000
A89: SAN.PA | B89: Sanofi | C89: France | D89: CAC 40 | E89: 4287000000 | F89: 4709000000 | G89: 3894000000 | H89: 4306000000 | I89: 2806000000 | J89: 12294000000 | K89: 6223000000 | L89: 8371000000 | M89: 5400000000 | N89: 5560000000
A90: SAF.PA | B90: Safran | C90: France | D90: CAC 40 | E90: -450000000 | F90: 1908000000 | G90: 4550000000 | H90: 1283000000 | I90: 2447000000 | J90: 352000000 | K90: 43000000 | L90: -2459000000 | M90: 3444000000 | N90: -667000000
A91: AI.PA | B91: Air Liquide | C91: France | D91: CAC 40 | E91: 1756400000 | F91: 1844000000 | G91: 2199600000 | H91: 2113400000 | I91: 2241500000 | J91: 2435100000 | K91: 2572200000 | L91: 2758800000 | M91: 3078000000 | N91: 3306100000
A92: OR.PA | B92: L'Oreal | C92: France | D92: CAC 40 | E92: 3297400000 | F92: 3105800000 | G92: 3581400000 | H92: 3895400000 | I92: 3750000000 | J92: 3563400000 | K92: 4597100000 | L92: 5706600000 | M92: 6184000000 | N92: 6408700000
A93: EL.PA | B93: EssilorLuxottica | C93: France | D93: CAC 40 | E93: 757000000 | F93: 813000000 | G93: 789000000 | H93: 1083000000 | I93: 1077000000 | J93: 85000000 | K93: 1448000000 | L93: 2152000000 | M93: 2289000000 | N93: 2359000000
A94: BNP.PA | B94: BNP Paribas | C94: France | D94: CAC 40 | E94: 6694000000 | F94: 7702000000 | G94: 7759000000 | H94: 7526000000 | I94: 8173000000 | J94: 7067000000 | K94: 9488000000 | L94: 9848000000 | M94: 10975000000 | N94: 11688000000
A95: CS.PA | B95: AXA | C95: France | D95: CAC 40 | E95: 5617000000 | F95: 5829000000 | G95: 6209000000 | H95: 2140000000 | I95: 3857000000 | J95: 3164000000 | K95: 7294000000 | L95: 6675000000 | M95: 7189000000 | N95: 7886000000
A96: RMS.PA | B96: Hermes | C96: France | D96: CAC 40 | E96: 972600000 | F96: 1100300000 | G96: 1221500000 | H96: 1405500000 | I96: 1528200000 | J96: 1385000000 | K96: 2445000000 | L96: 3367000000 | M96: 4311000000 | N96: 4603000000
... A116: ERA.PA | B116: Eramet | C116: France | D116: CAC 40 | E116: -714000000 | F116: -179000000 | G116: 203000000 | H116: 53000000 | I116: -184000000 | J116: -675000000 | K116: 298000000 | L116: 740000000 | M116: 109000000 | N116: 14000000
A117: STM.PA | B117: STMicroelectronics | C117: France | D117: CAC 40 | E117: 104000000 | F117: 165000000 | G117: 802000000 | H117: 1287000000 | I117: 1032000000 | J117: 694000000 | K117: 1711000000 | L117: 4323000000 | M117: 4211000000
A118: RNO.PA | B118: Renault | C118: France | D118: CAC 40 | E118: 2823000000 | F118: 3419000000 | G118: 5212000000 | H118: 3302000000 | I118: -141000000 | J118: -8008000000 | K118: 888000000 | L118: -338000000 | M118: 2198000000 | N118: 752000000
A119: SW.PA | B119: Sodexo | C119: France | D119: CAC 40 | E119: 700000000 | F119: 637000000 | G119: 723000000 | H119: 651000000 | I119: 665000000 | J119: -319000000 | K119: 139000000 | L119: 695000000 | M119: 794000000 | N119: 168000000
A120: CA.PA | B120: Carrefour | C120: France | D120: CAC 40 | E120: 980000000 | F120: 746000000 | G120: -254000000 | H120: -188000000 | I120: 1129000000 | J120: 641000000 | K120: 1072000000 | L120: 1348000000 | M120: 1659000000 | N120: 723000000
A121: EDEN.PA | B121: Edenred | C121: France | D121: CAC 40 | E121: 177000000 | F121: 180000000 | G121: 241000000 | H121: 254000000 | I121: 312000000 | J121: 238000000 | K121: 313000000 | L121: 386000000 | M121: 267000000 | N121: 507000000
A122: BIM.PA | B122: bioMerieux | C122: France | D122: CAC 40 | E122: 110500000 | F122: 179100000 | G122: 238100000 | H122: 256600000 | I122: 272800000 | J122: 404400000 | K122: 601100000 | L122: 452400000 | M122: 357600000 | N122: 432200000
A123: IBEX 35
A124: ITX.MC | B124: Inditex | C124: Spain | D124: IBEX 35 | E124: 2500548000 | F124: 2874584000 | G124: 3156957000 | H124: 3368000000 | I124: 3444000000 | J124: 3639000000 | K124: 1106000000 | L124: 3243000000 | M124: 4130000000 | N124: 5381000000
...

Sheet Avg Shares Outstanding
A1: Weighted Avg Shares Outstanding (millions)
A2: Values to be filled manually. Blue cells = data input fields.
A3: Ticker | B3: Company | C3: Country | D3: Index | E3: 2015 | F3: 2016 | G3: 2017 | H3: 2018 | I3: 2019 | J3: 2020 | K3: 2021 | L3: 2022 | M3: 2023 | N3: 2024
A4: FTSE MIB
A5: A2A.MI | B5: A2A | C5: Italy | D5: FTSE MIB | E5: 3105987668 | F5: 3109183856 | G5: 3109183856 | H5: 3109183856 | I5: 3109183856 | J5: 3109183856 | K5: 3073686277 | L5: 3073686277 | M5: 3132905277 | N5: 3132704859
A6: AMP.MI | B6: Amplifon | C6: Italy | D6: FTSE MIB | E6: 218047951 | F6: 219322356 | G6: 219095844 | H6: 219758444 | I6: 221863663 | J6: 223797671 | K6: 224823927 | L6: 224363318 | M6: 225463566 | N6: 225792000
A7: G.MI | B7: Assicurazioni Generali | C7: Italy | D7: FTSE MIB | E7: 1556428701 | F7: 1558512070 | G7: 1560771499 | H7: 1563742903 | I7: 1567927100 | J7: 1569448327 | K7: 1573173478 | L7: 1570223226 | M7: 1541766041 | N7: 1538691000
A8: AZM.MI | B8: Azimut Holding | C8: Italy | D8: FTSE MIB | E8: 142754548 | F8: 142746313 | G8: 133420894 | H8: 138134324 | I8: 140110863 | J8: 138590424 | K8: 139154500 | L8: 139226158 | M8: 138397134 | N8: 140528049
A9: BGN.MI | B9: Banca Generali | C9: Italy | D9: FTSE MIB | E9: 115867000 | F9: 116067000 | G9: 116482000 | H9: 115784000 | I9: 115719000 | J9: 115340000 | K9: 115016000 | L9: 114564000 | M9: 114081000 | N9: 114008000
A10: BMED.MI | B10: Banca Mediolanum | C10: Italy | D10: FTSE MIB | E10: 737919428 | F10: 737046913 | G10: 734828052 | H10: 733175893 | I10: 733061303 | J10: 734362421 | K10: 735715806 | L10: 737252214 | M10: 739773622 | N10: 737328000
A11: BAMI.MI | B11: Banco BPM | C11: Italy | D11: FTSE MIB | E11: 488022021 | F11: 817078746 | G11: 1514538059 | H11: 1510954842 | I11: 1511339224 | J11: 1509504749 | K11: 1510823282 | L11: 1508790220 | M11: 1507882573 | N11: 1505001132
A12: BPE.MI | B12: BPER Banca | C12: Italy | D12: FTSE MIB | E12: 710393574 | F12: 710393434 | G12: 710393434 | H12: 710393574 | I12: 732071661 | J12: 679015111 | K12: 1412323581 | L12: 1411912243 | M12: 1415172121 | N12: 1414585000
A13: BZU.MI | B13: Buzzi | C13: Italy | D13: FTSE MIB | E13: 205531808 | F13: 205531808 | G13: 205806808 | H13: 204756665 | I13: 204835151 | J13: 205698335 | K13: 192131838 | L13: 186377503 | M13: 185131873 | N13: 183319589
A14: CPR.MI | B14: Campari Group | C14: Italy | D14: FTSE MIB | E14: 1156034398 | F14: 1157508450 | G14: 1160785339 | H14: 1154903852 | I14: 1144315926 | J14: 1133816568 | K14: 1126588835 | L14: 1126061579 | M14: 1139659102 | N14: 1200346949
A15: CNHI.MI | B15: CNH Industrial | C15: Italy | D15: FTSE MIB | E15: 1361000000 | F15: 1362004209 | G15: 1364000000 | H15: 1357000000 | I15: 1354285714 | J15: 1351000000 | K15: 1354000000 | L15: 1351000000 | M15: 1332000000
A16: DIA.MI | B16: DiaSorin | C16: Italy | D16: FTSE MIB | E16: 54883529 | F16: 54849893 | G16: 54997425 | H16: 55513113 | I16: 54711844 | J16: 54757637 | K16: 57117998 | L16: 57750850 | M16: 55745935 | N16: 55868709
A17: ENEL.MI | B17: Enel | C17: Italy | D17: FTSE MIB | E17: 9403357795 | F17: 9975849408 | G17: 10166679946 | H17: 10163621792 | I17: 10162072640 | J17: 10164612352 | K17: 10162568494 | L17: 10160538038 | M17: 10159406558 | N17: 10156151000
A18: ENI.MI | B18: Eni | C18: Italy | D18: FTSE MIB | E18: 3598190045 | F18: 3601100000 | G18: 3601140133 | H18: 3601140133 | I18: 3592249603 | J18: 3572550000 | K18: 3565974000 | L18: 3483634000 | M18: 3303800000 | N18: 3167006000
A19: EXO.MI | B19: Exor | C19: Italy | D19: FTSE MIB
A20: RACE.MI | B20: Ferrari | C20: Italy | D20: FTSE MIB | G20: 188606000 | H20: 188606000 | I20: 186767000 | J20: 184806000 | K20: 184446000 | L20: 182836000 | M20: 181220000 | N20: 179743000
A21: FBK.MI | B21: FinecoBank | C21: Italy | D21: FTSE MIB | E21: 606101380 | F21: 605659378 | G21: 607158443 | H21: 607575060 | I21: 607720344 | J21: 608966126 | K21: 609692634 | L21: 609932199 | M21: 611547802 | N21: 610829690
A22: HER.MI | B22: Hera Group | C22: Italy | D22: FTSE MIB | E22: 1473737913 | F22: 1471822892 | G22: 1471004233 | H22: 1467966686 | I22: 1472516974 | J22: 1467973723 | K22: 1461238457 | L22: 1454636032 | M22: 1446069736 | N22: 1441926307
A23: INW.MI | B23: Infrastrutture Wireless Italiane | C23: Italy | D23: FTSE MIB | F23: 600000000 | G23: 600000000 | H23: 599966889 | I23: 599777882 | J23: 871314724 | K23: 960115529 | L23: 959914631 | M23: 956019333 | N23: 932386614
A24: IP.MI | B24: Interpump Group | C24: Italy | D24: FTSE MIB | E24: 106854067 | F24: 106196360 | G24: 106973877 | H24: 106766319 | I24: 105452384 | J24: 107104047 | K24: 106664662 | L24: 105593321 | M24: 106927485 | N24: 107104891
A25: ISP.MI | B25: Intesa Sanpaolo | C25: Italy | D25: FTSE MIB | E25: 15832484936 | F25: 15841479283 | G25: 15837253005 | H25: 16772376005 | I25: 17474056000 | J25: 18240491000 | K25: 19377549000 | L25: 19315542000 | M25: 18370426000 | N25: 18017340000
A26: IG.MI | B26: Italgas | C26: Italy | D26: FTSE MIB | G26: 809135502 | H26: 804346153 | I26: 809135502 | J26: 809135502 | K26: 809768354 | L26: 810245718 | M26: 814014814 | N26: 811242309
A27: IVG.MI | B27: Iveco | C27: Italy | D27: FTSE MIB | M27: 269000000 | N27: 267000000
A28: LDO.MI | B28: Leonardo | C28: Italy | D28: FTSE MIB | E28: 574543000 | F28: 574543000 | G28: 574425000 | H28: 574605000 | I28: 574914000 | J28: 574914000 | K28: 575229000 | L28: 575307000 | M28: 575307085 | N28: 575307000
A29: MB.MI | B29: Mediobanca | C29: Italy | D29: FTSE MIB | E29: 847414629 | F29: 849895132 | G29: 854445929 | H29: 877685049 | I29: 871819196 | J29: 860611137 | K29: 862358884 | L29: 838844304 | M29: 840761242 | N29: 826608063
A30: MONC.MI | B30: Moncler | C30: Italy | D30: FTSE MIB | E30: 250086129 | F30: 249268029 | G30: 252060094 | H30: 251723961 | I30: 251723961 | J30: 252674625 | K30: 265570691 | L30: 268974283 | M30: 270106476 | N30: 270522873
A31: NEXI.MI | B31: Nexi | C31: Italy | D31: FTSE MIB | J31: 627778000 | K31: 834754000 | L31: 1310754000 | M31: 1311358000 | N31: 1280958000
A32: PIRC.MI | B32: Pirelli | C32: Italy | D32: FTSE MIB | H32: 1000000000 | I32: 1000000000 | J32: 1000000000 | K32: 1000000000 | L32: 1000000000 | M32: 1000000000 | N32: 1066170213
A33: PST.MI | B33: Poste Italiane | C33: Italy | D33: FTSE MIB | F33: 1306110000 | G33: 1304924242 | H33: 1306110000 | I33: 1300852035 | J33: 1300852035 | K33: 1300877079 | L33: 1298574009 | M33: 1296021578 | N33: 1294805195
A34: PRY.MI | B34: Prysmian Group | C34: Italy | D34: FTSE MIB | E34: 221291692 | F34: 221408573 | G34: 211684000 | H34: 244957000 | I34: 263139000 | J34: 263274000 | K34: 263408000 | L34: 263497000 | M34: 272680412 | N34: 281540000
A35: SPM.MI | B35: Saipem | C35: Italy | D35: FTSE MIB | E35: 139043922 | F35: 175324479 | G35: 210422776 | H35: 209189917 | I35: 209205936 | J35: 208246118 | K35: 197471856 | L35: 940341988 | M35: 1995147895 | N35: 1967618000
A36: SRG.MI | B36: Snam | C36: Italy | D36: FTSE MIB | E36: 3499511044 | F36: 3470733114 | G36: 3422406716 | H36: 3357806084 | I36: 3300593207 | J36: 3272020890 | K36: 3270833636 | L36: 3336596674 | M36: 3353119570 | N36: 3353942449
A37: STLAM.MI | B37: Stellantis | C37: Italy | D37: FTSE MIB | E37: 1510555000 | F37: 1513019000 | G37: 1535988000 | H37: 1548439000 | I37: 1564114000 | J37: 1544002000 | K37: 3059284000 | L37: 3140089000 | M37: 3107725000 | N37: 2949652000
A38: STMMI.MI | B38: STMicroelectronics | C38: Italy | D38: FTSE MIB | E38: 876510959 | F38: 881246870 | G38: 884707764 | H38: 899363170 | I38: 897391304 | J38: 894578477 | K38: 904977376 | L38: 905606885 | M38: 909817559 | N38: 901210072
A39: TEN.MI | B39: Tenaris | C39: Italy | D39: FTSE MIB | E39: 1180537000 | F39: 1180537000 | G39: 1180536830 | H39: 1180537000 | I39: 1180536830 | J39: 1180537000 | K39: 1180537000 | L39: 1180537000 | M39: 1178737751 | N39: 1125107734
A40: TRN.MI | B40: Terna | C40: Italy | D40: FTSE MIB | E40: 2011824324 | F40: 2009841269 | G40: 2012573099 | H40: 2007386363 | I40: 2008753315 | J40: 2008951406 | K40: 1976603267 | L40: 1960586940 | M40: 2005710736 | N40: 2010032179
A41: UCG.MI | B41: UniCredit | C41: Italy | D41: FTSE MIB | E41: 1682894737 | F41: 1682894737 | G41: 1947449190 | H41: 2219405841 | I41: 2222881000 | J41: 2226668543 | K41: 2221699000 | L41: 2069492000 | M41: 1712424000 | N41: 1693206000
A42: UNI.MI | B42: Unipol | C42: Italy | D42: FTSE MIB | E42: 707700000 | F42: 708700000 | G42: 710300000 | H42: 713500000 | I42: 716000000 | J42: 716100000 | K42: 716100000 | L42: 715300000 | M42: 716000000 | N42: 716000000
A43: DAX 40
A44: ADS.DE | B44: Adidas | C44: Germany | D44: DAX 40 | E44: 201536418 | F44: 200188276 | G44: 202391673 | H44: 201759012 | I44: 197606107 | J44: 195155924 | K44: 194172984 | L44: 183263629 | M44: 178543596 | N44: 178549084
A45: AIR.DE | B45: Airbus | C45: Germany | D45: DAX 40 | E45: 785621099 | F45: 773798837 | G45: 773772702 | H45: 775167941 | I45: 777039858 | J45: 783178191 | K45: 785326074 | L45: 787080579 | M45: 788720779 | N45: 789961671
A46: ALV.DE | B46: Allianz | C46: Germany | D46: DAX 40 | E46: 454367277 | F46: 454699370 | G46: 446440727 | H46: 428106916 | I46: 418653403 | J46: 412927486 | K46: 410924074 | L46: 404793132 | M46: 396190104 | N46: 388462000
A47: BAS.DE | B47: BASF | C47: Germany | D47: DAX 40 | E47: 918479000 | F47: 918479000 | G47: 918479000 | H47: 918479000 | I47: 918479000 | J47: 918479000 | K47: 918479000 | L47: 901754000 | M47: 892641000 | N47: 895172000
A48: BMW.DE | B48: BMW | C48: Germany | D48: DAX 40 | E48: 656494656 | F48: 656804571 | G48: 657109486 | H48: 657600576 | I48: 658118053 | J48: 659460977 | K48: 659880348 | L48: 657098549 | M48: 638913477 | N48: 570599065
A49: BAYN.DE | B49: Bayer | C49: Germany | D49: DAX 40 | E49: 826947808 | F49: 832502808 | G49: 872108005 | H49: 940760000 | I49: 981690000 | J49: 982420000 | K49: 982420000 | L49: 982420000 | M49: 982420000 | N49: 982420000
A50: BEI.DE | B50: Beiersdorf | C50: Germany | D50: DAX 40 | E50: 226818984 | F50: 226818984 | G50: 226818984 | H50: 226818984 | I50: 226818984 | J50: 226818984 | K50: 226818984 | L50: 226818984 | M50: 226818984 | N50: 224959424
A51: BNR.DE | B51: Brenntag | C51: Germany | D51: DAX 40 | E51: 154500000 | F51: 154500000 | G51: 154500000 | H51: 154500000 | I51: 154500000 | J51: 154500000 | K51: 154500000 | L51: 154500000 | M51: 151100000 | N51: 144700000
A52: CBK.DE | B52: Commerzbank | C52: Germany | D52: DAX 40 | E52: 1208568906 | F52: 1252357634 | G52: 1252357634 | H52: 1252357634 | I52: 1252357634 | J52: 1252357634 | K52: 1252357634 | L52: 1252357634 | M52: 1245699309 | N52: 1187512000
A53: CON.DE | B53: Continental | C53: Germany | D53: DAX 40 | E53: 200000000 | F53: 200000000 | G53: 200000000 | H53: 200000000 | I53: 200000000 | J53: 200000000 | K53: 200000000 | L53: 200000000 | M53: 200000000 | N53: 200000000
A54: 1COV.DE | B54: Covestro | C54: Germany | D54: DAX 40 | F54: 202500000 | G54: 202396416 | H54: 192768826 | I54: 182728724 | J54: 184912207 | K54: 193165396 | L54: 190933438 | M54: 189262192 | N54: 188740330
A55: DTG.DE | B55: Daimler Truck | C55: Germany | D55: DAX 40 | L55: 822951882 | M55: 818000000 | N55: 796000000
A56: DBK.DE | B56: Deutsche Bank | C56: Germany | D56: DAX 40 | E56: 1742394689 | F56: 1555280876 | G56: 1967700000 | H56: 2102199999 | I56: 2110000000 | J56: 2108199999 | K56: 2096500000 | L56: 2084900000 | M56: 2064100000 | N56: 1993600000
A57: DB1.DE | B57: Deutsche Boerse | C57: Germany | D57: DAX 40 | E57: 184997923 | F57: 186764058 | G57: 186835673 | H57: 184887281 | I57: 183381196 | J57: 183452436 | K57: 183546106 | L57: 183630715 | M57: 184298877 | N57: 183820000
A58: DHL.DE | B58: Deutsche Post (DHL) | C58: Germany | D58: DAX 40 | E58: 1210620132 | F58: 1203092606 | G58: 1210097823 | H58: 1230118545 | I58: 1234109757 | J58: 1236900096 | K58: 1232451264 | L58: 1214024931 | M58: 1188885217 | N58: 1166162127
A59: P911.DE | B59: Porsche AG | C59: Germany | D59: DAX 40 | M59: 906490099 | N59: 911000000
A60: DTE.DE | B60: Deutsche Telekom | C60: Germany | D60: DAX 40 | E60: 4553000000 | F60: 4625000000 | G60: 4703000000 | H60: 4742000000 | I60: 4743000000 | J60: 4743000000 | K60: 4813000000 | L60: 4972000000 | M60: 4976000000 | N60: 4938000000
A61: EOAN.DE | B61: E.ON | C61: Germany | D61: DAX 40 | E61: 1944000000 | F61: 1952000000 | G61: 2129000000 | H61: 2167000000 | I61: 2293000000 | J61: 2607000000 | K61: 2608000000 | L61: 2609000000 | M61: 2611000000 | N61: 2612000000
A62: FRE.DE | B62: Fresenius | C62: Germany | D62: DAX 40 | E62: 544891919 | F62: 547397823 | G62: 555141474 | H62: 556563377 | I62: 556820762 | J62: 557451759 | K62: 558061878 | L62: 561264305 | M62: 563237277 | N62: 563237277
A63: HNR1.DE | B63: Hannover Rueck | C63: Germany | D63: DAX 40 | E63: 120621081 | F63: 120620906 | G63: 120596984 | H63: 120596999 | I63: 120596997 | J63: 120638387 | K63: 120600783 | L63: 120680061 | M63: 120608063 | N63: 120597011
A64: HEI.DE | B64: Heidelberg Materials | C64: Germany | D64: DAX 40 | E64: 187916000 | F64: 193023000 | G64: 198416000 | H64: 198416000 | I64: 198416000 | J64: 198416000 | K64: 197308000 | L64: 189028000 | M64: 185008000 | N64: 184260047
A65: HEN3.DE | B65: Henkel | C65: Germany | D65: DAX 40 | E65: 434278187 | F65: 434278198 | G65: 434278198 | H65: 434278198 | I65: 434278198 | J65: 434278198 | K65: 434278198 | L65: 428416547 | M65: 421086262 | N65: 419874477
A66: IFX.DE | B66: Infineon | C66: Germany | D66: DAX 40 | E66: 1122600000 | F66: 1125200000 | G66: 1128600000 | H66: 1130500000 | I66: 1163400000 | J66: 1264500000 | K66: 1301200000 | L66: 1301800000 | M66: 1303000000 | N66: 1301000000
A67: MBG.DE | B67: Mercedes-Benz | C67: Germany | D67: DAX 40 | E67: 1069800000 | F67: 1069800000 | G67: 1069800000 | H67: 1069800000 | I67: 1069800000 | J67: 1069800000 | K67: 1069800000 | L67: 1069800000 | M67: 1059599999 | N67: 1002000000
A68: MRK.DE | B68: Merck KGaA | C68: Germany | D68: DAX 40 | E68: 434777878 | F68: 434400000 | G68: 434777878 | H68: 434777878 | I68: 434777878 | J68: 434777878 | K68: 434777878 | L68: 434777878 | M68: 434777878 | N68: 434777878
A69: MTX.DE | B69: MTU Aero Engines | C69: Germany | D69: DAX 40 | E69: 51073326 | F69: 51262220 | G69: 51442495 | H69: 55185185 | I69: 51813526 | J69: 52985567 | K69: 53325298 | L69: 53366518 | M69: 53691433 | N69: 54545454
A70: MUV2.DE | B70: Munich Re | C70: Germany | D70: DAX 40 | E70: 165893895 | F70: 159975155 | G70: 154060991 | H70: 148703565 | I70: 143638536 | J70: 140285225 | K70: 140098931 | L70: 139364438 | M70: 135976812 | N70: 132886198
A71: PAH3.DE | B71: Porsche Automobil Holding | C71: Germany | D71: DAX 40 | E71: 306250000 | F71: 306250000 | G71: 306250000 | H71: 306250000 | I71: 306250000 | J71: 306250000 | K71: 306250000 | L71: 306250000 | M71: 306250000 | N71: 306250000
... A77: SIE.DE | B77: Siemens | C77: Germany | D77: DAX 40 | E77: 823408000 | F77: 808686000 | G77: 812180000 | H77: 815063000 | I77: 807273000 | J77: 806335000 | K77: 801829000 | L77: 801338000 | M77: 791538000 | N77: 787847000
A78: ENR.DE | B78: Siemens Energy | C78: Germany | D78: DAX 40 | K78: 714747000 | L78: 720827000 | M78: 828902000 | N78: 862804000
A79: SHL.DE | B79: Siemens Healthineers | C79: Germany | D79: DAX 40 | I79: 999245000 | J79: 1001859000 | K79: 1099690000 | L79: 1122794000 | M79: 1119472000 | N79: 1116091954
A80: SY1.DE | B80: Symrise | C80: Germany | D80: DAX 40 | E80: 129812574 | F80: 129812574 | G80: 129812574 | H80: 129812574 | I80: 134802828 | J80: 135426610 | K80: 136633677 | L80: 139772054 | M80: 139772054 | N80: 139824561
A81: VOW3.DE | B81: Volkswagen | C81: Germany | D81: DAX 40 | E81: 501295263 | F81: 501295263 | G81: 501295263 | H81: 501295263 | I81: 501295263 | J81: 501295263 | K81: 501295263 | L81: 501295263 | M81: 501295263 | N81: 501295000
A82: VNA.DE | B82: Vonovia | C82: Germany | D82: DAX 40 | E82: 509571340 | F82: 587839331 | G82: 601037037 | H82: 637944806 | I82: 672020773 | J82: 693775179 | K82: 626466541 | L82: 785122908 | M82: 806251614 | N82: 819354465
A83: ZAL.DE | B83: Zalando | C83: Germany | D83: DAX 40 | E83: 246200000 | F83: 247200000 | G83: 247300000 | H83: 247300000 | I83: 247600000 | J83: 250500000 | K83: 257600000 | L83: 257899999 | M83: 259700000 | N83: 259100000
A84: CAC 40
A85: MC.PA | B85: LVMH | C85: France | D85: CAC 40 | E85: 502395491 | F85: 502911125 | G85: 502412694 | H85: 502825461 | I85: 503218851 | J85: 503679272 | K85: 503627708 | L85: 502120694 | M85: 500056586 | N85: 499413000
A86: SU.PA | B86: Schneider Electric | C86: France | D86: CAC 40 | E86: 568346000 | F86: 561222000 | G86: 557731000 | H86: 554006000 | I86: 551067000 | J86: 553767000 | K86: 556432000 | L86: 558129000 | M86: 566195190 | N86: 560716000
A87: AIR.PA | B87: Airbus | C87: France | D87: CAC 40 | E87: 785621099 | F87: 773798837 | G87: 773772702 | H87: 775167941 | I87: 777039858 | J87: 783178191 | K87: 785326074 | L87: 787080579 | M87: 788720779 | N87: 789961671
A88: TTE.PA | B88: TotalEnergies | C88: France | D88: CAC 40 | E88: 2295037940 | F88: 2379182155 | G88: 2481802636 | H88: 2607456934 | I88: 2601621815 | J88: 2602026749 | K88: 2631422625 | L88: 2554707397 | M88: 2434000000 | N88: 2298022000
A89: SAN.PA | B89: Sanofi | C89: France | D89: CAC 40 | E89: 1320658682 | F89: 1286600000 | G89: 1266107382 | H89: 1247100000 | I89: 1249900000 | J89: 1253600000 | K89: 1252500000 | L89: 1251900000 | M89: 1251700000 | N89: 1251400000
A90: SAF.PA | B90: Safran | C90: France | D90: CAC 40 | E90: 416428144 | F90: 416325118 | G90: 410241043 | H90: 430911810 | I90: 429723372 | J90: 426035732 | K90: 426650425 | L90: 426680657 | M90: 417795492 | N90: 416149530
A91: AI.PA | B91: Air Liquide | C91: France | D91: CAC 40 | E91: 515310142 | F91: 528176878 | G91: 567550568 | H91: 569380990 | I91: 570170118 | J91: 570640133 | K91: 572911439 | L91: 574275927 | M91: 574321080 | N91: 576457564
A92: OR.PA | B92: L'Oreal | C92: France | D92: CAC 40 | E92: 557351236 | F92: 559190339 | G92: 559233644 | H92: 559603188 | I92: 559739718 | J92: 559101322 | K92: 557600698 | L92: 535898658 | M92: 535428641 | N92: 534482831
A93: EL.PA | B93: EssilorLuxottica | C93: France | D93: CAC 40 | E93: 212226832 | F93: 214614327 | G93: 220533089 | H93: 260699711 | I93: 434084752 | J93: 435868811 | K93: 438815944 | L93: 442049822 | M93: 448066944 | N93: 453926761
A94: BNP.PA | B94: BNP Paribas | C94: France | D94: CAC 40 | E94: 1242989279 | F94: 1244469997 | G94: 1246386807 | H94: 1248334552 | I94: 1247993812 | J94: 1247821717 | K94: 1247014704 | L94: 1232991607 | M94: 1793300946 | N94: 1133302000
A95: CS.PA | B95: AXA | C95: France | D95: CAC 40 | E95: 2429000000 | F95: 2416000000 | G95: 2395000000 | H95: 2383000000 | I95: 2383000000 | J95: 2381000000 | K95: 2380000000 | L95: 2290000000 | M95: 2226204119 | N95: 2253142857
A96: RMS.PA | B96: Hermes | C96: France | D96: CAC 40 | E96: 104395884 | F96: 104518900 | G96: 104435755 | H96: 104227077 | I96: 104233233 | J96: 104430772 | K96: 104623330 | L96: 104564729 | M96: 104648079 | N96: 104780332
... A116: ERA.PA | B116: Eramet | C116: France | D116: CAC 40 | E116: 26337144 | F116: 26378347 | G116: 28856129 | H116: 28945113 | I116: 26529619 | J116: 26506323 | K116: 28571634 | L116: 28674721 | M116: 28759894 | N116: 28472222
A117: STM.PA | B117: STMicroelectronics | C117: France | D117: CAC 40 | E117: 886532167 | F117: 881246870 | G117: 884707764 | H117: 906783462 | I117: 897391304 | J117: 894578477 | K117: 904332429 | L117: 905606885 | M117: 903513952
A118: RNO.PA | B118: Renault | C118: France | D118: CAC 40 | E118: 272708000 | F118: 271968000 | G118: 271080000 | H118: 269850000 | I118: 271639000 | J118: 271349000 | K118: 272102000 | L118: 272097000 | M118: 271009000 | N118: 272374000
A119: SW.PA | B119: Sodexo | C119: France | D119: CAC 40 | E119: 152087430 | F119: 151277059 | G119: 148998961 | H119: 148077776 | I119: 145721534 | J119: 145778963 | K119: 146004484 | L119: 146295576 | M119: 146127620 | N119: 146451943
A120: CA.PA | B120: Carrefour | C120: France | D120: CAC 40 | E120: 723322791 | F120: 740030536 | G120: 747061020 | H120: 775059936 | I120: 790674090 | J120: 805713713 | K120: 786946494 | L120: 741377552 | M120: 714170185 | N120: 669712548
A121: EDEN.PA | B121: Edenred | C121: France | D121: CAC 40 | E121: 227773000 | F121: 230113056 | G121: 233064000 | H121: 236451000 | I121: 240766760 | J121: 244338168 | K121: 247730265 | L121: 248992939 | M121: 249032353 | N121: 245286351
A122: BIM.PA | B122: bioMerieux | C122: France | D122: CAC 40 | E122: 118392857 | F122: 118041702 | G122: 117871287 | H122: 117791777 | I122: 118302104 | J122: 118146538 | K122: 118265377 | L122: 117946146 | M122: 118052805 | N122: 117765668
A123: IBEX 35
A124: ITX.MC | B124: Inditex | C124: Spain | D124: IBEX 35 | E124: 3113773370 | F124: 3113152000 | G124: 3113647003 | H124: 3113218213 | I124: 3113701857 | J124: 3114384000 | K124: 3114856963 | L124: 3113570977 | M124: 3112455000 | N124: 3110357000
...

Sheet EPS
A1: Earnings Per Share (€)
A2: EPS = Net Income / Weighted Avg Shares Outstanding. Calculated from source sheets.
A3: Ticker | B3: Company | C3: Country | D3: Index | E3: 2015 | F3: 2016 | G3: 2017 | H3: 2018 | I3: 2019 | J3: 2020 | K3: 2021 | L3: 2022 | M3: 2023 | N3: 2024
A4: ='Net Income'!A4 -> FTSE MIB | B4: ='Net Income'!B4 -> 0 | C4: ='Net Income'!C4 -> 0 | D4: ='Net Income'!D4 -> 0
A5: ='Net Income'!A5 -> A2A.MI | B5: ='Net Income'!B5 -> A2A | C5: ='Net Income'!C5 -> Italy | D5: ='Net Income'!D5 -> FTSE MIB | E5: =IFERROR('Net Income'!E5/'Avg Shares Outstanding'!E5,"") -> 0.023502991 | F5: =IFERROR('Net Income'!F5/'Avg Shares Outstanding'!F5,"") -> 0.07204463 | G5: =IFERROR('Net Income'!G5/'Avg Shares Outstanding'!G5,"") -> 0.094236949 | H5: =IFERROR('Net Income'!H5/'Avg Shares Outstanding'!H5,"") -> 0.11063997 | I5: =IFERROR('Net Income'!I5/'Avg Shares Outstanding'!I5,"") -> 0.12511322 | J5: =IFERROR('Net Income'!J5/'Avg Shares Outstanding'!J5,"") -> 0.11707252 | K5: =IFERROR('Net Income'!K5/'Avg Shares Outstanding'!K5,"") -> 0.16397249 | L5: =IFERROR('Net Income'!L5/'Avg Shares Outstanding'!L5,"") -> 0.13046224 | ... N5: =IFERROR('Net Income'!N5/'Avg Shares Outstanding'!N5,"") -> 0.2758
A6: ='Net Income'!A6 -> AMP.MI | B6: ='Net Income'!B6 -> Amplifon | C6: ='Net Income'!C6 -> Italy | D6: ='Net Income'!D6 -> FTSE MIB | E6: =IFERROR('Net Income'!E6/'Avg Shares Outstanding'!E6,"") -> 0.21465462 | F6: =IFERROR('Net Income'!F6/'Avg Shares Outstanding'!F6,"") -> 0.29007531 | G6: =IFERROR('Net Income'!G6/'Avg Shares Outstanding'!G6,"") -> 0.45905937 | H6: =IFERROR('Net Income'!H6/'Avg Shares Outstanding'!H6,"") -> 0.45706094 | I6: =IFERROR('Net Income'!I6/'Avg Shares Outstanding'!I6,"") -> 0.48978728 | J6: =IFERROR('Net Income'!J6/'Avg Shares Outstanding'!J6,"") -> 0.45131837 | K6: =IFERROR('Net Income'!K6/'Avg Shares Outstanding'!K6,"") -> 0.70181587 | L6: =IFERROR('Net Income'!L6/'Avg Shares Outstanding'!L6,"") -> 0.79569602 | ... N6: =IFERROR('Net Income'!N6/'Avg Shares Outstanding'!N6,"") -> 0.64384035
A7: ='Net Income'!A7 -> G.MI | B7: ='Net Income'!B7 -> Assicurazioni Generali | C7: ='Net Income'!C7 -> Italy | D7: ='Net Income'!D7 -> FTSE MIB | E7: =IFERROR('Net Income'!E7/'Avg Shares Outstanding'!E7,"") -> 1.3042679 | F7: =IFERROR('Net Income'!F7/'Avg Shares Outstanding'!F7,"") -> 1.3352479 | G7: =IFERROR('Net Income'!G7/'Avg Shares Outstanding'!G7,"") -> 1.3518955 | H7: =IFERROR('Net Income'!H7/'Avg Shares Outstanding'!H7,"") -> 1.4765854 | I7: =IFERROR('Net Income'!I7/'Avg Shares Outstanding'!I7,"") -> 1.7028853 | J7: =IFERROR('Net Income'!J7/'Avg Shares Outstanding'!J7,"") -> 1.1112185 | K7: =IFERROR('Net Income'!K7/'Avg Shares Outstanding'!K7,"") -> 1.8097178 | L7: =IFERROR('Net Income'!L7/'Avg Shares Outstanding'!L7,"") -> 1.8545134 | ... N7: =IFERROR('Net Income'!N7/'Avg Shares Outstanding'!N7,"") -> 2.420239
A8: ='Net Income'!A8 -> AZM.MI | B8: ='Net Income'!B8 -> Azimut Holding | C8: ='Net Income'!C8 -> Italy | D8: ='Net Income'!D8 -> FTSE MIB | E8: =IFERROR('Net Income'!E8/'Avg Shares Outstanding'!E8,"") -> 1.7331917 | F8: =IFERROR('Net Income'!F8/'Avg Shares Outstanding'!F8,"") -> 1.2097335 | G8: =IFERROR('Net Income'!G8/'Avg Shares Outstanding'!G8,"") -> 1.6098378 | H8: =IFERROR('Net Income'!H8/'Avg Shares Outstanding'!H8,"") -> 0.88425524 | I8: =IFERROR('Net Income'!I8/'Avg Shares Outstanding'!I8,"") -> 2.6408445 | J8: =IFERROR('Net Income'!J8/'Avg Shares Outstanding'!J8,"") -> 2.7540864 | K8: =IFERROR('Net Income'!K8/'Avg Shares Outstanding'!K8,"") -> 4.3509696 | L8: =IFERROR('Net Income'!L8/'Avg Shares Outstanding'!L8,"") -> 2.9194298 | ... N8: =IFERROR('Net Income'!N8/'Avg Shares Outstanding'!N8,"") -> 4.1
A9: ='Net Income'!A9 -> BGN.MI | B9: ='Net Income'!B9 -> Banca Generali | C9: ='Net Income'!C9 -> Italy | D9: ='Net Income'!D9 -> FTSE MIB | E9: =IFERROR('Net Income'!E9/'Avg Shares Outstanding'!E9,"") -> 1.7568333 | F9: =IFERROR('Net Income'!F9/'Avg Shares Outstanding'!F9,"") -> 1.343138 | G9: =IFERROR('Net Income'!G9/'Avg Shares Outstanding'!G9,"") -> 1.752245 | H9: =IFERROR('Net Income'!H9/'Avg Shares Outstanding'!H9,"") -> 1.5557072 | I9: =IFERROR('Net Income'!I9/'Avg Shares Outstanding'!I9,"") -> 2.3517227 | J9: =IFERROR('Net Income'!J9/'Avg Shares Outstanding'!J9,"") -> 2.383553 | K9: =IFERROR('Net Income'!K9/'Avg Shares Outstanding'!K9,"") -> 2.8092005 | L9: =IFERROR('Net Income'!L9/'Avg Shares Outstanding'!L9,"") -> 1.8595196 | ... N9: =IFERROR('Net Income'!N9/'Avg Shares Outstanding'!N9,"") -> 3.78241
A10: ='Net Income'!A10 -> BMED.MI | B10: ='Net Income'!B10 -> Banca Mediolanum | C10: ='Net Income'!C10 -> Italy | D10: ='Net Income'!D10 -> FTSE MIB | E10: =IFERROR('Net Income'!E10/'Avg Shares Outstanding'!E10,"") -> 0.59439145 | F10: =IFERROR('Net Income'!F10/'Avg Shares Outstanding'!F10,"") -> 0.53392395 | G10: =IFERROR('Net Income'!G10/'Avg Shares Outstanding'!G10,"") -> 0.51711689 | H10: =IFERROR('Net Income'!H10/'Avg Shares Outstanding'!H10,"") -> 0.34877033 | I10: =IFERROR('Net Income'!I10/'Avg Shares Outstanding'!I10,"") -> 0.77132976 | J10: =IFERROR('Net Income'!J10/'Avg Shares Outstanding'!J10,"") -> 0.59161796 | K10: =IFERROR('Net Income'!K10/'Avg Shares Outstanding'!K10,"") -> 0.96919897 | L10: =IFERROR('Net Income'!L10/'Avg Shares Outstanding'!L10,"") -> 0.68745674 | ... N10: =IFERROR('Net Income'!N10/'Avg Shares Outstanding'!N10,"") -> 1.5184952
A11: ='Net Income'!A11 -> BAMI.MI | B11: ='Net Income'!B11 -> Banco BPM | C11: ='Net Income'!C11 -> Italy | D11: ='Net Income'!D11 -> FTSE MIB | E11: =IFERROR('Net Income'!E11/'Avg Shares Outstanding'!E11,"") -> 0.88125736 | F11: =IFERROR('Net Income'!F11/'Avg Shares Outstanding'!F11,"") -> -2.058137 | G11: =IFERROR('Net Income'!G11/'Avg Shares Outstanding'!G11,"") -> 1.7274984 | H11: =IFERROR('Net Income'!H11/'Avg Shares Outstanding'!H11,"") -> -0.039334068 | I11: =IFERROR('Net Income'!I11/'Avg Shares Outstanding'!I11,"") -> 0.52734753 | J11: =IFERROR('Net Income'!J11/'Avg Shares Outstanding'!J11,"") -> 0.013832351 | K11: =IFERROR('Net Income'!K11/'Avg Shares Outstanding'!K11,"") -> 0.37666086 | L11: =IFERROR('Net Income'!L11/'Avg Shares Outstanding'!L11,"") -> 0.45403727 | ... N11: =IFERROR('Net Income'!N11/'Avg Shares Outstanding'!N11,"") -> 1.2760077
A12: ='Net Income'!A12 -> BPE.MI | B12: ='Net Income'!B12 -> BPER Banca | C12: ='Net Income'!C12 -> Italy | D12: ='Net Income'!D12 -> FTSE MIB | E12: =IFERROR('Net Income'!E12/'Avg Shares Outstanding'!E12,"") -> 0.31061796 | F12: =IFERROR('Net Income'!F12/'Avg Shares Outstanding'!F12,"") -> 0.020128283 | G12: =IFERROR('Net Income'!G12/'Avg Shares Outstanding'!G12,"") -> 0.2483666 | H12: =IFERROR('Net Income'!H12/'Avg Shares Outstanding'!H12,"") -> 0.56581734 | I12: =IFERROR('Net Income'!I12/'Avg Shares Outstanding'!I12,"") -> 0.51850525 | J12: =IFERROR('Net Income'!J12/'Avg Shares Outstanding'!J12,"") -> 0.34892449 | K12: =IFERROR('Net Income'!K12/'Avg Shares Outstanding'!K12,"") -> 0.37181493 | L12: =IFERROR('Net Income'!L12/'Avg Shares Outstanding'!L12,"") -> 1.02625 | ... N12: =IFERROR('Net Income'!N12/'Avg Shares Outstanding'!N12,"") -> 0.99156219
A13: ='Net Income'!A13 -> BZU.MI | B13: ='Net Income'!B13 -> Buzzi | C13: ='Net Income'!C13 -> Italy | D13: ='Net Income'!D13 -> FTSE MIB | E13: =IFERROR('Net Income'!E13/'Avg Shares Outstanding'!E13,"") -> 0.60978396 | F13: =IFERROR('Net Income'!F13/'Avg Shares Outstanding'!F13,"") -> 0.70970037 | G13: =IFERROR('Net Income'!G13/'Avg Shares Outstanding'!G13,"") -> 1.9028622 | H13: =IFERROR('Net Income'!H13/'Avg Shares Outstanding'!H13,"") -> 1.8662787 | I13: =IFERROR('Net Income'!I13/'Avg Shares Outstanding'!I13,"") -> 1.882836 | J13: =IFERROR('Net Income'!J13/'Avg Shares Outstanding'!J13,"") -> 2.7236292 | K13: =IFERROR('Net Income'!K13/'Avg Shares Outstanding'!K13,"") -> 2.8204748 | L13: =IFERROR('Net Income'!L13/'Avg Shares Outstanding'!L13,"") -> 2.4615954 | ... N13: =IFERROR('Net Income'!N13/'Avg Shares Outstanding'!N13,"") -> 5.1402908
A14: ='Net Income'!A14 -> CPR.MI | B14: ='Net Income'!B14 -> Campari Group | C14: ='Net Income'!C14 -> Italy | D14: ='Net Income'!D14 -> FTSE MIB | E14: =IFERROR('Net Income'!E14/'Avg Shares Outstanding'!E14,"") -> 0.15172559 | F14: =IFERROR('Net Income'!F14/'Avg Shares Outstanding'!F14,"") -> 0.14367066 | G14: =IFERROR('Net Income'!G14/'Avg Shares Outstanding'!G14,"") -> 0.30703351 | H14: =IFERROR('Net Income'!H14/'Avg Shares Outstanding'!H14,"") -> 0.25655815 | I14: =IFERROR('Net Income'!I14/'Avg Shares Outstanding'!I14,"") -> 0.26950599 | J14: =IFERROR('Net Income'!J14/'Avg Shares Outstanding'!J14,"") -> 0.16572346 | K14: =IFERROR('Net Income'!K14/'Avg Shares Outstanding'!K14,"") -> 0.25279853 | L14: =IFERROR('Net Income'!L14/'Avg Shares Outstanding'!L14,"") -> 0.29572095 | ... N14: =IFERROR('Net Income'!N14/'Avg Shares Outstanding'!N14,"") -> 0.16795144
A15: ='Net Income'!A15 -> CNHI.MI | B15: ='Net Income'!B15 -> CNH Industrial | C15: ='Net Income'!C15 -> Italy | D15: ='Net Income'!D15 -> FTSE MIB | E15: =IFERROR('Net Income'!E15/'Avg Shares Outstanding'!E15,"") -> 0.18589273 | F15: =IFERROR('Net Income'!F15/'Avg Shares Outstanding'!F15,"") -> -0.18502145 | G15: =IFERROR('Net Income'!G15/'Avg Shares Outstanding'!G15,"") -> 0.21627566 | H15: =IFERROR('Net Income'!H15/'Avg Shares Outstanding'!H15,"") -> 0.78703021 | I15: =IFERROR('Net Income'!I15/'Avg Shares Outstanding'!I15,"") -> 1.05 | J15: =IFERROR('Net Income'!J15/'Avg Shares Outstanding'!J15,"") -> -0.33678756 | K15: =IFERROR('Net Income'!K15/'Avg Shares Outstanding'!K15,"") -> 1.2725258 | L15: =IFERROR('Net Income'!L15/'Avg Shares Outstanding'!L15,"") -> 1.5018505 | ... N15: =IFERROR('Net Income'!N15/'Avg Shares Outstanding'!N15,"")
A16: ='Net Income'!A16 -> DIA.MI | B16: ='Net Income'!B16 -> DiaSorin | C16: ='Net Income'!C16 -> Italy | D16: ='Net Income'!D16 -> FTSE MIB | E16: =IFERROR('Net Income'!E16/'Avg Shares Outstanding'!E16,"") -> 1.8296928 | F16: =IFERROR('Net Income'!F16/'Avg Shares Outstanding'!F16,"") -> 2.0489192 | G16: =IFERROR('Net Income'!G16/'Avg Shares Outstanding'!G16,"") -> 2.5433554 | H16: =IFERROR('Net Income'!H16/'Avg Shares Outstanding'!H16,"") -> 2.8484801 | I16: =IFERROR('Net Income'!I16/'Avg Shares Outstanding'!I16,"") -> 3.2120102 | J16: =IFERROR('Net Income'!J16/'Avg Shares Outstanding'!J16,"") -> 4.5266928 | K16: =IFERROR('Net Income'!K16/'Avg Shares Outstanding'!K16,"") -> 5.4443085 | L16: =IFERROR('Net Income'!L16/'Avg Shares Outstanding'!L16,"") -> 4.1714884 | ... N16: =IFERROR('Net Income'!N16/'Avg Shares Outstanding'!N16,"") -> 3.3669115
... A42: ='Net Income'!A42 -> UNI.MI | B42: ='Net Income'!B42 -> Unipol | C42: ='Net Income'!C42 -> Italy | D42: ='Net Income'!D42 -> FTSE MIB | E42: =IFERROR('Net Income'!E42/'Avg Shares Outstanding'!E42,"") -> 0.81771937 | F42: =IFERROR('Net Income'!F42/'Avg Shares Outstanding'!F42,"") -> 0.75490334 | G42: =IFERROR('Net Income'!G42/'Avg Shares Outstanding'!G42,"") -> -0.23806842 | H42: =IFERROR('Net Income'!H42/'Avg Shares Outstanding'!H42,"") -> 1.3073581 | I42: =IFERROR('Net Income'!I42/'Avg Shares Outstanding'!I42,"") -> 1.2604749 | J42: =IFERROR('Net Income'!J42/'Avg Shares Outstanding'!J42,"") -> 0.98785086 | K42: =IFERROR('Net Income'!K42/'Avg Shares Outstanding'!K42,"") -> 0.87501746 | L42: =IFERROR('Net Income'!L42/'Avg Shares Outstanding'!L42,"") -> 0.73395778 | ... N42: =IFERROR('Net Income'!N42/'Avg Shares Outstanding'!N42,"") -> 1.5
A43: ='Net Income'!A43 -> DAX 40 | B43: ='Net Income'!B43 -> 0 | C43: ='Net Income'!C43 -> 0 | D43: ='Net Income'!D43 -> 0
A44: ='Net Income'!A44 -> ADS.DE | B44: ='Net Income'!B44 -> Adidas | C44: ='Net Income'!C44 -> Germany | D44: ='Net Income'!D44 -> DAX 40 | E44: =IFERROR('Net Income'!E44/'Avg Shares Outstanding'!E44,"") -> 3.1458334 | F44: =IFERROR('Net Income'!F44/'Avg Shares Outstanding'!F44,"") -> 5.0802176 | G44: =IFERROR('Net Income'!G44/'Avg Shares Outstanding'!G44,"") -> 5.4201835 | H44: =IFERROR('Net Income'!H44/'Avg Shares Outstanding'!H44,"") -> 8.4358066 | I44: =IFERROR('Net Income'!I44/'Avg Shares Outstanding'!I44,"") -> 9.999691 | J44: =IFERROR('Net Income'!J44/'Avg Shares Outstanding'!J44,"") -> 2.2136146 | K44: =IFERROR('Net Income'!K44/'Avg Shares Outstanding'!K44,"") -> 7.6838702 | L44: =IFERROR('Net Income'!L44/'Avg Shares Outstanding'!L44,"") -> 1.3859815 | ... N44: =IFERROR('Net Income'!N44/'Avg Shares Outstanding'!N44,"") -> 4.2789354
A45: ='Net Income'!A45 -> AIR.DE | B45: ='Net Income'!B45 -> Airbus | C45: ='Net Income'!C45 -> Germany | D45: ='Net Income'!D45 -> DAX 40 | E45: =IFERROR('Net Income'!E45/'Avg Shares Outstanding'!E45,"") -> 3.4316797 | F45: =IFERROR('Net Income'!F45/'Avg Shares Outstanding'!F45,"") -> 1.2858639 | G45: =IFERROR('Net Income'!G45/'Avg Shares Outstanding'!G45,"") -> 3.7129767 | H45: =IFERROR('Net Income'!H45/'Avg Shares Outstanding'!H45,"") -> 3.9397914 | I45: =IFERROR('Net Income'!I45/'Avg Shares Outstanding'!I45,"") -> -1.7051892 | J45: =IFERROR('Net Income'!J45/'Avg Shares Outstanding'!J45,"") -> -1.492636 | K45: =IFERROR('Net Income'!K45/'Avg Shares Outstanding'!K45,"") -> 5.3646506 | L45: =IFERROR('Net Income'!L45/'Avg Shares Outstanding'!L45,"") -> 5.3958897 | ... N45: =IFERROR('Net Income'!N45/'Avg Shares Outstanding'!N45,"") -> 5.3572219
A46: ='Net Income'!A46 -> ALV.DE | B46: ='Net Income'!B46 -> Allianz | C46: ='Net Income'!C46 -> Germany | D46: ='Net Income'!D46 -> DAX 40 | E46: =IFERROR('Net Income'!E46/'Avg Shares Outstanding'!E46,"") -> 14.560908 | F46: =IFERROR('Net Income'!F46/'Avg Shares Outstanding'!F46,"") -> 15.137474 | G46: =IFERROR('Net Income'!G46/'Avg Shares Outstanding'!G46,"") -> 15.238305 | H46: =IFERROR('Net Income'!H46/'Avg Shares Outstanding'!H46,"") -> 17.430225 | I46: =IFERROR('Net Income'!I46/'Avg Shares Outstanding'!I46,"") -> 18.903465 | J46: =IFERROR('Net Income'!J46/'Avg Shares Outstanding'!J46,"") -> 16.484735 | K46: =IFERROR('Net Income'!K46/'Avg Shares Outstanding'!K46,"") -> 16.085697 | L46: =IFERROR('Net Income'!L46/'Avg Shares Outstanding'!L46,"") -> 15.862423 | ... N46: =IFERROR('Net Income'!N46/'Avg Shares Outstanding'!N46,"") -> 25.56492
A47: ='Net Income'!A47 -> BAS.DE | B47: ='Net Income'!B47 -> BASF | C47: ='Net Income'!C47 -> Germany | D47: ='Net Income'!D47 -> DAX 40 | E47: =IFERROR('Net Income'!E47/'Avg Shares Outstanding'!E47,"") -> 4.3408722 | F47: =IFERROR('Net Income'!F47/'Avg Shares Outstanding'!F47,"") -> 4.4159964 | G47: =IFERROR('Net Income'!G47/'Avg Shares Outstanding'!G47,"") -> 6.6174621 | H47: =IFERROR('Net Income'!H47/'Avg Shares Outstanding'!H47,"") -> 5.1247769 | I47: =IFERROR('Net Income'!I47/'Avg Shares Outstanding'!I47,"") -> 2.7719741 | J47: =IFERROR('Net Income'!J47/'Avg Shares Outstanding'!J47,"") -> -1.6015608 | K47: =IFERROR('Net Income'!K47/'Avg Shares Outstanding'!K47,"") -> 6.0132023 | L47: =IFERROR('Net Income'!L47/'Avg Shares Outstanding'!L47,"") -> -0.43359941 | ... N47: =IFERROR('Net Income'!N47/'Avg Shares Outstanding'!N47,"") -> 1.4500007
A48: ='Net Income'!A48 -> BMW.DE | B48: ='Net Income'!B48 -> BMW | C48: ='Net Income'!C48 -> Germany | D48: ='Net Income'!D48 -> DAX 40 | E48: =IFERROR('Net Income'!E48/'Avg Shares Outstanding'!E48,"") -> 9.701526 | F48: =IFERROR('Net Income'!F48/'Avg Shares Outstanding'!F48,"") -> 10.449075 | G48: =IFERROR('Net Income'!G48/'Avg Shares Outstanding'!G48,"") -> 13.118057 | H48: =IFERROR('Net Income'!H48/'Avg Shares Outstanding'!H48,"") -> 10.822679 | I48: =IFERROR('Net Income'!I48/'Avg Shares Outstanding'!I48,"") -> 7.468265 | J48: =IFERROR('Net Income'!J48/'Avg Shares Outstanding'!J48,"") -> 5.7243721 | K48: =IFERROR('Net Income'!K48/'Avg Shares Outstanding'!K48,"") -> 18.764008 | L48: =IFERROR('Net Income'!L48/'Avg Shares Outstanding'!L48,"") -> 27.303363 | ... N48: =IFERROR('Net Income'!N48/'Avg Shares Outstanding'!N48,"") -> 12.776046
A49: ='Net Income'!A49 -> BAYN.DE | B49: ='Net Income'!B49 -> Bayer | C49: ='Net Income'!C49 -> Germany | D49: ='Net Income'!D49 -> DAX 40 | E49: =IFERROR('Net Income'!E49/'Avg Shares Outstanding'!E49,"") -> 4.9700839 | F49: =IFERROR('Net Income'!F49/'Avg Shares Outstanding'!F49,"") -> 5.4426243 | G49: =IFERROR('Net Income'!G49/'Avg Shares Outstanding'!G49,"") -> 8.4118022 | H49: =IFERROR('Net Income'!H49/'Avg Shares Outstanding'!H49,"") -> 1.8017348 | I49: =IFERROR('Net Income'!I49/'Avg Shares Outstanding'!I49,"") -> 2.4753232 | J49: =IFERROR('Net Income'!J49/'Avg Shares Outstanding'!J49,"") -> -15.839458 | K49: =IFERROR('Net Income'!K49/'Avg Shares Outstanding'!K49,"") -> 1.0178946 | L49: =IFERROR('Net Income'!L49/'Avg Shares Outstanding'!L49,"") -> 4.2242625 | ... N49: =IFERROR('Net Income'!N49/'Avg Shares Outstanding'!N49,"") -> -2.597667
A50: ='Net Income'!A50 -> BEI.DE | B50: ='Net Income'!B50 -> Beiersdorf | C50: ='Net Income'!C50 -> Germany | D50: ='Net Income'!D50 -> DAX 40 | E50: =IFERROR('Net Income'!E50/'Avg Shares Outstanding'!E50,"") -> 2.9098093 | F50: =IFERROR('Net Income'!F50/'Avg Shares Outstanding'!F50,"") -> 3.1258406 | G50: =IFERROR('Net Income'!G50/'Avg Shares Outstanding'!G50,"") -> 2.962715 | H50: =IFERROR('Net Income'!H50/'Avg Shares Outstanding'!H50,"") -> 3.2096079 | I50: =IFERROR('Net Income'!I50/'Avg Shares Outstanding'!I50,"") -> 3.1655199 | J50: =IFERROR('Net Income'!J50/'Avg Shares Outstanding'!J50,"") -> 2.4689291 | K50: =IFERROR('Net Income'!K50/'Avg Shares Outstanding'!K50,"") -> 2.8128157 | L50: =IFERROR('Net Income'!L50/'Avg Shares Outstanding'!L50,"") -> 3.3286455 | ... N50: =IFERROR('Net Income'!N50/'Avg Shares Outstanding'!N50,"") -> 4.0540644
A51: ='Net Income'!A51 -> BNR.DE | B51: ='Net Income'!B51 -> Brenntag | C51: ='Net Income'!C51 -> Germany | D51: ='Net Income'!D51 -> DAX 40 | E51: =IFERROR('Net Income'!E51/'Avg Shares Outstanding'!E51,"") -> 2.3624595 | F51: =IFERROR('Net Income'!F51/'Avg Shares Outstanding'!F51,"") -> 2.3320388 | G51: =IFERROR('Net Income'!G51/'Avg Shares Outstanding'!G51,"") -> 2.3352751 | H51: =IFERROR('Net Income'!H51/'Avg Shares Outstanding'!H51,"") -> 2.9831715 | I51: =IFERROR('Net Income'!I51/'Avg Shares Outstanding'!I51,"") -> 3.020712 | J51: =IFERROR('Net Income'!J51/'Avg Shares Outstanding'!J51,"") -> 3.0194175 | K51: =IFERROR('Net Income'!K51/'Avg Shares Outstanding'!K51,"") -> 2.9016181 | L51: =IFERROR('Net Income'!L51/'Avg Shares Outstanding'!L51,"") -> 5.7398058 | ... N51: =IFERROR('Net Income'!N51/'Avg Shares Outstanding'!N51,"") -> 3.7055978
A52: ='Net Income'!A52 -> CBK.DE | B52: ='Net Income'!B52 -> Commerzbank | C52: ='Net Income'!C52 -> Germany | D52: ='Net Income'!D52 -> DAX 40 | E52: =IFERROR('Net Income'!E52/'Avg Shares Outstanding'!E52,"") -> 0.87872524 | F52: =IFERROR('Net Income'!F52/'Avg Shares Outstanding'!F52,"") -> 0.22277981 | G52: =IFERROR('Net Income'!G52/'Avg Shares Outstanding'!G52,"") -> 0.12456506 | H52: =IFERROR('Net Income'!H52/'Avg Shares Outstanding'!H52,"") -> 0.69069727 | I52: =IFERROR('Net Income'!I52/'Avg Shares Outstanding'!I52,"") -> 0.51423011 | J52: =IFERROR('Net Income'!J52/'Avg Shares Outstanding'!J52,"") -> -2.3076475 | K52: =IFERROR('Net Income'!K52/'Avg Shares Outstanding'!K52,"") -> 0.3433524 | L52: =IFERROR('Net Income'!L52/'Avg Shares Outstanding'!L52,"") -> 1.1458388 | ... N52: =IFERROR('Net Income'!N52/'Avg Shares Outstanding'!N52,"") -> 2.254293
A53: ='Net Income'!A53 -> CON.DE | B53: ='Net Income'!B53 -> Continental | C53: ='Net Income'!C53 -> Germany | D53: ='Net Income'!D53 -> DAX 40 | E53: =IFERROR('Net Income'!E53/'Avg Shares Outstanding'!E53,"") -> 13.637 | F53: =IFERROR('Net Income'!F53/'Avg Shares Outstanding'!F53,"") -> 14.0125 | G53: =IFERROR('Net Income'!G53/'Avg Shares Outstanding'!G53,"") -> 14.923 | H53: =IFERROR('Net Income'!H53/'Avg Shares Outstanding'!H53,"") -> 14.4865 | I53: =IFERROR('Net Income'!I53/'Avg Shares Outstanding'!I53,"") -> -5.855 | J53: =IFERROR('Net Income'!J53/'Avg Shares Outstanding'!J53,"") -> -4.594 | K53: =IFERROR('Net Income'!K53/'Avg Shares Outstanding'!K53,"") -> 7.176 | L53: =IFERROR('Net Income'!L53/'Avg Shares Outstanding'!L53,"") -> 0.561 | ... N53: =IFERROR('Net Income'!N53/'Avg Shares Outstanding'!N53,"") -> 5.84
A54: ='Net Income'!A54 -> 1COV.DE | B54: ='Net Income'!B54 -> Covestro | C54: ='Net Income'!C54 -> Germany | D54: ='Net Income'!D54 -> DAX 40 | E54: =IFERROR('Net Income'!E54/'Avg Shares Outstanding'!E54,"") | F54: =IFERROR('Net Income'!F54/'Avg Shares Outstanding'!F54,"") -> 3.9259259 | G54: =IFERROR('Net Income'!G54/'Avg Shares Outstanding'!G54,"") -> 9.9260651 | H54: =IFERROR('Net Income'!H54/'Avg Shares Outstanding'!H54,"") -> 9.4569233 | I54: =IFERROR('Net Income'!I54/'Avg Shares Outstanding'!I54,"") -> 3.0208715 | J54: =IFERROR('Net Income'!J54/'Avg Shares Outstanding'!J54,"") -> 2.4822591 | K54: =IFERROR('Net Income'!K54/'Avg Shares Outstanding'!K54,"") -> 8.3658876 | L54: =IFERROR('Net Income'!L54/'Avg Shares Outstanding'!L54,"") -> -1.4717171 | ... N54: =IFERROR('Net Income'!N54/'Avg Shares Outstanding'!N54,"") -> -1.4093437
A55: ='Net Income'!A55 -> DTG.DE | B55: ='Net Income'!B55 -> Daimler Truck | C55: ='Net Income'!C55 -> Germany | D55: ='Net Income'!D55 -> DAX 40 | E55: =IFERROR('Net Income'!E55/'Avg Shares Outstanding'!E55,"") | F55: =IFERROR('Net Income'!F55/'Avg Shares Outstanding'!F55,"") | G55: =IFERROR('Net Income'!G55/'Avg Shares Outstanding'!G55,"") | H55: =IFERROR('Net Income'!H55/'Avg Shares Outstanding'!H55,"") | I55: =IFERROR('Net Income'!I55/'Avg Shares Outstanding'!I55,"") | J55: =IFERROR('Net Income'!J55/'Avg Shares Outstanding'!J55,"") | K55: =IFERROR('Net Income'!K55/'Avg Shares Outstanding'!K55,"") | L55: =IFERROR('Net Income'!L55/'Avg Shares Outstanding'!L55,"") -> 3.2383424 | ... N55: =IFERROR('Net Income'!N55/'Avg Shares Outstanding'!N55,"") -> 3.6432161
... A83: ='Net Income'!A83 -> ZAL.DE | B83: ='Net Income'!B83 -> Zalando | C83: ='Net Income'!C83 -> Germany | D83: ='Net Income'!D83 -> DAX 40 | E83: =IFERROR('Net Income'!E83/'Avg Shares Outstanding'!E83,"") -> 0.49350122 | F83: =IFERROR('Net Income'!F83/'Avg Shares Outstanding'!F83,"") -> 0.48745955 | G83: =IFERROR('Net Income'!G83/'Avg Shares Outstanding'!G83,"") -> 0.41690255 | H83: =IFERROR('Net Income'!H83/'Avg Shares Outstanding'!H83,"") -> 0.20784472 | I83: =IFERROR('Net Income'!I83/'Avg Shares Outstanding'!I83,"") -> 0.40266559 | J83: =IFERROR('Net Income'!J83/'Avg Shares Outstanding'!J83,"") -> 0.90259481 | K83: =IFERROR('Net Income'!K83/'Avg Shares Outstanding'!K83,"") -> 0.91032609 | L83: =IFERROR('Net Income'!L83/'Avg Shares Outstanding'!L83,"") -> 0.065141528 | ... N83: =IFERROR('Net Income'!N83/'Avg Shares Outstanding'!N83,"") -> 0.96912389
A84: ='Net Income'!A84 -> CAC 40 | B84: ='Net Income'!B84 -> 0 | C84: ='Net Income'!C84 -> 0 | D84: ='Net Income'!D84 -> 0
A85: ='Net Income'!A85 -> MC.PA | B85: ='Net Income'!B85 -> LVMH | C85: ='Net Income'!C85 -> France | D85: ='Net Income'!D85 -> CAC 40 | E85: =IFERROR('Net Income'!E85/'Avg Shares Outstanding'!E85,"") -> 7.1119269 | F85: =IFERROR('Net Income'!F85/'Avg Shares Outstanding'!F85,"") -> 8.0849275 | G85: =IFERROR('Net Income'!G85/'Avg Shares Outstanding'!G85,"") -> 10.678472 | H85: =IFERROR('Net Income'!H85/'Avg Shares Outstanding'!H85,"") -> 12.636592 | I85: =IFERROR('Net Income'!I85/'Avg Shares Outstanding'!I85,"") -> 14.250261 | J85: =IFERROR('Net Income'!J85/'Avg Shares Outstanding'!J85,"") -> 9.3353057 | K85: =IFERROR('Net Income'!K85/'Avg Shares Outstanding'!K85,"") -> 23.898606 | L85: =IFERROR('Net Income'!L85/'Avg Shares Outstanding'!L85,"") -> 28.049033 | ... N85: =IFERROR('Net Income'!N85/'Avg Shares Outstanding'!N85,"") -> 25.129502
A86: ='Net Income'!A86 -> SU.PA | B86: ='Net Income'!B86 -> Schneider Electric | C86: ='Net Income'!C86 -> France | D86: ='Net Income'!D86 -> CAC 40 | E86: =IFERROR('Net Income'!E86/'Avg Shares Outstanding'!E86,"") -> 2.4756046 | F86: =IFERROR('Net Income'!F86/'Avg Shares Outstanding'!F86,"") -> 3.1181957 | G86: =IFERROR('Net Income'!G86/'Avg Shares Outstanding'!G86,"") -> 3.854905 | H86: =IFERROR('Net Income'!H86/'Avg Shares Outstanding'!H86,"") -> 4.2129508 | I86: =IFERROR('Net Income'!I86/'Avg Shares Outstanding'!I86,"") -> 4.3787779 | J86: =IFERROR('Net Income'!J86/'Avg Shares Outstanding'!J86,"") -> 3.8391598 | K86: =IFERROR('Net Income'!K86/'Avg Shares Outstanding'!K86,"") -> 5.758116 | L86: =IFERROR('Net Income'!L86/'Avg Shares Outstanding'!L86,"") -> 6.2297426 | ... N86: =IFERROR('Net Income'!N86/'Avg Shares Outstanding'!N86,"") -> 7.6134799
A87: ='Net Income'!A87 -> AIR.PA | B87: ='Net Income'!B87 -> Airbus | C87: ='Net Income'!C87 -> France | D87: ='Net Income'!D87 -> CAC 40 | E87: =IFERROR('Net Income'!E87/'Avg Shares Outstanding'!E87,"") -> 3.4316797 | F87: =IFERROR('Net Income'!F87/'Avg Shares Outstanding'!F87,"") -> 1.2858639 | G87: =IFERROR('Net Income'!G87/'Avg Shares Outstanding'!G87,"") -> 3.0512837 | H87: =IFERROR('Net Income'!H87/'Avg Shares Outstanding'!H87,"") -> 3.9397914 | I87: =IFERROR('Net Income'!I87/'Avg Shares Outstanding'!I87,"") -> -1.7051892 | J87: =IFERROR('Net Income'!J87/'Avg Shares Outstanding'!J87,"") -> -1.492636 | K87: =IFERROR('Net Income'!K87/'Avg Shares Outstanding'!K87,"") -> 5.3646506 | L87: =IFERROR('Net Income'!L87/'Avg Shares Outstanding'!L87,"") -> 5.3958897 | ... N87: =IFERROR('Net Income'!N87/'Avg Shares Outstanding'!N87,"") -> 5.3572219
A88: ='Net Income'!A88 -> TTE.PA | B88: ='Net Income'!B88 -> TotalEnergies | C88: ='Net Income'!C88 -> France | D88: ='Net Income'!D88 -> CAC 40 | E88: =IFERROR('Net Income'!E88/'Avg Shares Outstanding'!E88,"") -> 2.2165211 | F88: =IFERROR('Net Income'!F88/'Avg Shares Outstanding'!F88,"") -> 2.6042563 | G88: =IFERROR('Net Income'!G88/'Avg Shares Outstanding'!G88,"") -> 3.4777141 | H88: =IFERROR('Net Income'!H88/'Avg Shares Outstanding'!H88,"") -> 4.3897178 | I88: =IFERROR('Net Income'!I88/'Avg Shares Outstanding'!I88,"") -> 4.3307601 | J88: =IFERROR('Net Income'!J88/'Avg Shares Outstanding'!J88,"") -> -2.783215 | K88: =IFERROR('Net Income'!K88/'Avg Shares Outstanding'!K88,"") -> 6.0925219 | L88: =IFERROR('Net Income'!L88/'Avg Shares Outstanding'!L88,"") -> 8.0345796 | ... N88: =IFERROR('Net Income'!N88/'Avg Shares Outstanding'!N88,"") -> 6.8572015
A89: ='Net Income'!A89 -> SAN.PA | B89: ='Net Income'!B89 -> Sanofi | C89: ='Net Income'!C89 -> France | D89: ='Net Income'!D89 -> CAC 40 | E89: =IFERROR('Net Income'!E89/'Avg Shares Outstanding'!E89,"") -> 3.2461075 | F89: =IFERROR('Net Income'!F89/'Avg Shares Outstanding'!F89,"") -> 3.6600342 | G89: =IFERROR('Net Income'!G89/'Avg Shares Outstanding'!G89,"") -> 3.0755685 | H89: =IFERROR('Net Income'!H89/'Avg Shares Outstanding'!H89,"") -> 3.4528105 | I89: =IFERROR('Net Income'!I89/'Avg Shares Outstanding'!I89,"") -> 2.2449796 | J89: =IFERROR('Net Income'!J89/'Avg Shares Outstanding'!J89,"") -> 9.806956 | K89: =IFERROR('Net Income'!K89/'Avg Shares Outstanding'!K89,"") -> 4.9684631 | L89: =IFERROR('Net Income'!L89/'Avg Shares Outstanding'!L89,"") -> 6.6866363 | ... N89: =IFERROR('Net Income'!N89/'Avg Shares Outstanding'!N89,"") -> 4.4430238
A90: ='Net Income'!A90 -> SAF.PA | B90: ='Net Income'!B90 -> Safran | C90: ='Net Income'!C90 -> France | D90: ='Net Income'!D90 -> CAC 40 | E90: =IFERROR('Net Income'!E90/'Avg Shares Outstanding'!E90,"") -> -1.0806186 | F90: =IFERROR('Net Income'!F90/'Avg Shares Outstanding'!F90,"") -> 4.5829567 | G90: =IFERROR('Net Income'!G90/'Avg Shares Outstanding'!G90,"") -> 11.09104 | H90: =IFERROR('Net Income'!H90/'Avg Shares Outstanding'!H90,"") -> 2.9774074 | I90: =IFERROR('Net Income'!I90/'Avg Shares Outstanding'!I90,"") -> 5.694361 | J90: =IFERROR('Net Income'!J90/'Avg Shares Outstanding'!J90,"") -> 0.82622178 | K90: =IFERROR('Net Income'!K90/'Avg Shares Outstanding'!K90,"") -> 0.10078509 | L90: =IFERROR('Net Income'!L90/'Avg Shares Outstanding'!L90,"") -> -5.7630923 | ... N90: =IFERROR('Net Income'!N90/'Avg Shares Outstanding'!N90,"") -> -1.6027893
A91: ='Net Income'!A91 -> AI.PA | B91: ='Net Income'!B91 -> Air Liquide | C91: ='Net Income'!C91 -> France | D91: ='Net Income'!D91 -> CAC 40 | E91: =IFERROR('Net Income'!E91/'Avg Shares Outstanding'!E91,"") -> 3.4084328 | F91: =IFERROR('Net Income'!F91/'Avg Shares Outstanding'!F91,"") -> 3.4912547 | G91: =IFERROR('Net Income'!G91/'Avg Shares Outstanding'!G91,"") -> 3.8756018 | H91: =IFERROR('Net Income'!H91/'Avg Shares Outstanding'!H91,"") -> 3.7117502 | I91: =IFERROR('Net Income'!I91/'Avg Shares Outstanding'!I91,"") -> 3.9312828 | J91: =IFERROR('Net Income'!J91/'Avg Shares Outstanding'!J91,"") -> 4.2673129 | K91: =IFERROR('Net Income'!K91/'Avg Shares Outstanding'!K91,"") -> 4.4896991 | L91: =IFERROR('Net Income'!L91/'Avg Shares Outstanding'!L91,"") -> 4.8039625 | ... N91: =IFERROR('Net Income'!N91/'Avg Shares Outstanding'!N91,"") -> 5.735201
A92: ='Net Income'!A92 -> OR.PA | B92: ='Net Income'!B92 -> L'Oreal | C92: ='Net Income'!C92 -> France | D92: ='Net Income'!D92 -> CAC 40 | E92: =IFERROR('Net Income'!E92/'Avg Shares Outstanding'!E92,"") -> 5.9161975 | F92: =IFERROR('Net Income'!F92/'Avg Shares Outstanding'!F92,"") -> 5.5541017 | G92: =IFERROR('Net Income'!G92/'Avg Shares Outstanding'!G92,"") -> 6.4041211 | H92: =IFERROR('Net Income'!H92/'Avg Shares Outstanding'!H92,"") -> 6.9610039 | I92: =IFERROR('Net Income'!I92/'Avg Shares Outstanding'!I92,"") -> 6.6995424 | J92: =IFERROR('Net Income'!J92/'Avg Shares Outstanding'!J92,"") -> 6.3734423 | K92: =IFERROR('Net Income'!K92/'Avg Shares Outstanding'!K92,"") -> 8.2444301 | L92: =IFERROR('Net Income'!L92/'Avg Shares Outstanding'!L92,"") -> 10.648655 | ... N92: =IFERROR('Net Income'!N92/'Avg Shares Outstanding'!N92,"") -> 11.990469
A93: ='Net Income'!A93 -> EL.PA | B93: ='Net Income'!B93 -> EssilorLuxottica | C93: ='Net Income'!C93 -> France | D93: ='Net Income'!D93 -> CAC 40 | E93: =IFERROR('Net Income'!E93/'Avg Shares Outstanding'!E93,"") -> 3.5669382 | F93: =IFERROR('Net Income'!F93/'Avg Shares Outstanding'!F93,"") -> 3.7881907 | G93: =IFERROR('Net Income'!G93/'Avg Shares Outstanding'!G93,"") -> 3.5776944 | H93: =IFERROR('Net Income'!H93/'Avg Shares Outstanding'!H93,"") -> 4.1542048 | I93: =IFERROR('Net Income'!I93/'Avg Shares Outstanding'!I93,"") -> 2.4810823 | J93: =IFERROR('Net Income'!J93/'Avg Shares Outstanding'!J93,"") -> 0.19501281 | K93: =IFERROR('Net Income'!K93/'Avg Shares Outstanding'!K93,"") -> 3.2997889 | L93: =IFERROR('Net Income'!L93/'Avg Shares Outstanding'!L93,"") -> 4.8682295 | ... N93: =IFERROR('Net Income'!N93/'Avg Shares Outstanding'!N93,"") -> 5.1968736
A94: ='Net Income'!A94 -> BNP.PA | B94: ='Net Income'!B94 -> BNP Paribas | C94: ='Net Income'!C94 -> France | D94: ='Net Income'!D94 -> CAC 40 | E94: =IFERROR('Net Income'!E94/'Avg Shares Outstanding'!E94,"") -> 5.3854045 | F94: =IFERROR('Net Income'!F94/'Avg Shares Outstanding'!F94,"") -> 6.1889801 | G94: =IFERROR('Net Income'!G94/'Avg Shares Outstanding'!G94,"") -> 6.2251943 | H94: =IFERROR('Net Income'!H94/'Avg Shares Outstanding'!H94,"") -> 6.0288326 | I94: =IFERROR('Net Income'!I94/'Avg Shares Outstanding'!I94,"") -> 6.5489107 | J94: =IFERROR('Net Income'!J94/'Avg Shares Outstanding'!J94,"") -> 5.6634693 | K94: =IFERROR('Net Income'!K94/'Avg Shares Outstanding'!K94,"") -> 7.6085711 | L94: =IFERROR('Net Income'!L94/'Avg Shares Outstanding'!L94,"") -> 7.9870779 | ... N94: =IFERROR('Net Income'!N94/'Avg Shares Outstanding'!N94,"") -> 10.313226
A95: ='Net Income'!A95 -> CS.PA | B95: ='Net Income'!B95 -> AXA | C95: ='Net Income'!C95 -> France | D95: ='Net Income'!D95 -> CAC 40 | E95: =IFERROR('Net Income'!E95/'Avg Shares Outstanding'!E95,"") -> 2.3124743 | F95: =IFERROR('Net Income'!F95/'Avg Shares Outstanding'!F95,"") -> 2.4126656 | G95: =IFERROR('Net Income'!G95/'Avg Shares Outstanding'!G95,"") -> 2.5924843 | H95: =IFERROR('Net Income'!H95/'Avg Shares Outstanding'!H95,"") -> 0.8980277 | I95: =IFERROR('Net Income'!I95/'Avg Shares Outstanding'!I95,"") -> 1.618548 | J95: =IFERROR('Net Income'!J95/'Avg Shares Outstanding'!J95,"") -> 1.3288534 | K95: =IFERROR('Net Income'!K95/'Avg Shares Outstanding'!K95,"") -> 3.0647059 | L95: =IFERROR('Net Income'!L95/'Avg Shares Outstanding'!L95,"") -> 2.9148472 | ... N95: =IFERROR('Net Income'!N95/'Avg Shares Outstanding'!N95,"") -> 3.5
A96: ='Net Income'!A96 -> RMS.PA | B96: ='Net Income'!B96 -> Hermes | C96: ='Net Income'!C96 -> France | D96: ='Net Income'!D96 -> CAC 40 | E96: =IFERROR('Net Income'!E96/'Avg Shares Outstanding'!E96,"") -> 9.3164593 | F96: =IFERROR('Net Income'!F96/'Avg Shares Outstanding'!F96,"") -> 10.527283 | G96: =IFERROR('Net Income'!G96/'Avg Shares Outstanding'!G96,"") -> 11.696186 | H96: =IFERROR('Net Income'!H96/'Avg Shares Outstanding'!H96,"") -> 13.48498 | I96: =IFERROR('Net Income'!I96/'Avg Shares Outstanding'!I96,"") -> 14.661351 | J96: =IFERROR('Net Income'!J96/'Avg Shares Outstanding'!J96,"") -> 13.262374 | K96: =IFERROR('Net Income'!K96/'Avg Shares Outstanding'!K96,"") -> 23.369549 | L96: =IFERROR('Net Income'!L96/'Avg Shares Outstanding'!L96,"") -> 32.20015 | ... N96: =IFERROR('Net Income'!N96/'Avg Shares Outstanding'!N96,"") -> 43.93
... A122: ='Net Income'!A122 -> BIM.PA | B122: ='Net Income'!B122 -> bioMerieux | C122: ='Net Income'!C122 -> France | D122: ='Net Income'!D122 -> CAC 40 | E122: =IFERROR('Net Income'!E122/'Avg Shares Outstanding'!E122,"") -> 0.93333333 | F122: =IFERROR('Net Income'!F122/'Avg Shares Outstanding'!F122,"") -> 1.5172604 | G122: =IFERROR('Net Income'!G122/'Avg Shares Outstanding'!G122,"") -> 2.02 | H122: =IFERROR('Net Income'!H122/'Avg Shares Outstanding'!H122,"") -> 2.1784203 | I122: =IFERROR('Net Income'!I122/'Avg Shares Outstanding'!I122,"") -> 2.3059607 | J122: =IFERROR('Net Income'!J122/'Avg Shares Outstanding'!J122,"") -> 3.422868 | K122: =IFERROR('Net Income'!K122/'Avg Shares Outstanding'!K122,"") -> 5.0826372 | L122: =IFERROR('Net Income'!L122/'Avg Shares Outstanding'!L122,"") -> 3.8356489 | ... N122: =IFERROR('Net Income'!N122/'Avg Shares Outstanding'!N122,"") -> 3.67
A123: ='Net Income'!A123 -> IBEX 35 | B123: ='Net Income'!B123 -> 0 | C123: ='Net Income'!C123 -> 0 | D123: ='Net Income'!D123 -> 0
A124: ='Net Income'!A124 -> ITX.MC | B124: ='Net Income'!B124 -> Inditex | C124: ='Net Income'!C124 -> Spain | D124: ='Net Income'!D124 -> IBEX 35 | E124: =IFERROR('Net Income'!E124/'Avg Shares Outstanding'!E124,"") -> 0.80306037 | F124: =IFERROR('Net Income'!F124/'Avg Shares Outstanding'!F124,"") -> 0.9233677 | G124: =IFERROR('Net Income'!G124/'Avg Shares Outstanding'!G124,"") -> 1.0139097 | H124: =IFERROR('Net Income'!H124/'Avg Shares Outstanding'!H124,"") -> 1.0818387 | I124: =IFERROR('Net Income'!I124/'Avg Shares Outstanding'!I124,"") -> 1.1060789 | J124: =IFERROR('Net Income'!J124/'Avg Shares Outstanding'!J124,"") -> 1.1684494 | K124: =IFERROR('Net Income'!K124/'Avg Shares Outstanding'!K124,"") -> 0.35507248 | L124: =IFERROR('Net Income'!L124/'Avg Shares Outstanding'!L124,"") -> 1.0415693 | ... N124: =IFERROR('Net Income'!N124/'Avg Shares Outstanding'!N124,"") -> 1.7300265
A125: ='Net Income'!A125 -> SAN.MC | B125: ='Net Income'!B125 -> Banco Santander | C125: ='Net Income'!C125 -> Spain | D125: ='Net Income'!D125 -> IBEX 35 | E125: =IFERROR('Net Income'!E125/'Avg Shares Outstanding'!E125,"") -> 0.43850856 | F125: =IFERROR('Net Income'!F125/'Avg Shares Outstanding'!F125,"") -> 0.41243712 | G125: =IFERROR('Net Income'!G125/'Avg Shares Outstanding'!G125,"") -> 0.41204501 | H125: =IFERROR('Net Income'!H125/'Avg Shares Outstanding'!H125,"") -> 0.48358861 | I125: =IFERROR('Net Income'!I125/'Avg Shares Outstanding'!I125,"") -> 0.38190487 | J125: =IFERROR('Net Income'!J125/'Avg Shares Outstanding'!J125,"") -> -0.5065173 | K125: =IFERROR('Net Income'!K125/'Avg Shares Outstanding'!K125,"") -> 0.47035515 | L125: =IFERROR('Net Income'!L125/'Avg Shares Outstanding'!L125,"") -> 0.57008567 | ... N125: =IFERROR('Net Income'!N125/'Avg Shares Outstanding'!N125,"") -> 0.81135107
A126: ='Net Income'!A126 -> IBE.MC | B126: ='Net Income'!B126 -> Iberdrola | C126: ='Net Income'!C126 -> Spain | D126: ='Net Income'!D126 -> IBEX 35 | E126: =IFERROR('Net Income'!E126/'Avg Shares Outstanding'!E126,"") -> 0.38465546 | F126: =IFERROR('Net Income'!F126/'Avg Shares Outstanding'!F126,"") -> 0.41170459 | G126: =IFERROR('Net Income'!G126/'Avg Shares Outstanding'!G126,"") -> 0.41974358 | H126: =IFERROR('Net Income'!H126/'Avg Shares Outstanding'!H126,"") -> 0.44719888 | I126: =IFERROR('Net Income'!I126/'Avg Shares Outstanding'!I126,"") -> 0.51037253 | J126: =IFERROR('Net Income'!J126/'Avg Shares Outstanding'!J126,"") -> 0.56096655 | K126: =IFERROR('Net Income'!K126/'Avg Shares Outstanding'!K126,"") -> 0.60330471 | L126: =IFERROR('Net Income'!L126/'Avg Shares Outstanding'!L126,"") -> 0.65171747 | ... N126: =IFERROR('Net Income'!N126/'Avg Shares Outstanding'!N126,"") -> 0.87139271
A127: ='Net Income'!A127 -> BBVA.MC | B127: ='Net Income'!B127 -> BBVA | C127: ='Net Income'!C127 -> Spain | D127: ='Net Income'!D127 -> IBEX 35 | E127: =IFERROR('Net Income'!E127/'Avg Shares Outstanding'!E127,"") -> 0.40540126 | F127: =IFERROR('Net Income'!F127/'Avg Shares Outstanding'!F127,"") -> 0.5 | G127: =IFERROR('Net Income'!G127/'Avg Shares Outstanding'!G127,"") -> 0.47931799 | H127: =IFERROR('Net Income'!H127/'Avg Shares Outstanding'!H127,"") -> 0.81374322 | I127: =IFERROR('Net Income'!I127/'Avg Shares Outstanding'!I127,"") -> 0.52827918 | J127: =IFERROR('Net Income'!J127/'Avg Shares Outstanding'!J127,"") -> 0.19613637 | K127: =IFERROR('Net Income'!K127/'Avg Shares Outstanding'!K127,"") -> 0.72691767 | L127: =IFERROR('Net Income'!L127/'Avg Shares Outstanding'!L127,"") -> 1.0273065 | ... N127: =IFERROR('Net Income'!N127/'Avg Shares Outstanding'!N127,"") -> 1.6683047
A128: ='Net Income'!A128 -> TEF.MC | B128: ='Net Income'!B128 -> Telefonica | C128: ='Net Income'!C128 -> Spain | D128: ='Net Income'!D128 -> IBEX 35 | E128: =IFERROR('Net Income'!E128/'Avg Shares Outstanding'!E128,"") -> 0.5570211 | F128: =IFERROR('Net Income'!F128/'Avg Shares Outstanding'!F128,"") -> 0.48255804 | G128: =IFERROR('Net Income'!G128/'Avg Shares Outstanding'!G128,"") -> 0.6128933 | H128: =IFERROR('Net Income'!H128/'Avg Shares Outstanding'!H128,"") -> 0.64975154 | I128: =IFERROR('Net Income'!I128/'Avg Shares Outstanding'!I128,"") -> 0.32505473 | J128: =IFERROR('Net Income'!J128/'Avg Shares Outstanding'!J128,"") -> 0.28915257 | K128: =IFERROR('Net Income'!K128/'Avg Shares Outstanding'!K128,"") -> 1.4209052 | L128: =IFERROR('Net Income'!L128/'Avg Shares Outstanding'!L128,"") -> 0.35034202 | ... N128: =IFERROR('Net Income'!N128/'Avg Shares Outstanding'!N128,"") -> -0.0086945798
A129: ='Net Income'!A129 -> FER.MC | B129: ='Net Income'!B129 -> Ferrovial | C129: ='Net Income'!C129 -> Spain | D129: ='Net Income'!D129 -> IBEX 35 | E129: =IFERROR('Net Income'!E129/'Avg Shares Outstanding'!E129,"") -> 0.98379471 | F129: =IFERROR('Net Income'!F129/'Avg Shares Outstanding'!F129,"") -> 0.49510687 | G129: =IFERROR('Net Income'!G129/'Avg Shares Outstanding'!G129,"") -> 0.6211588 | H129: =IFERROR('Net Income'!H129/'Avg Shares Outstanding'!H129,"") -> -0.55350462 | I129: =IFERROR('Net Income'!I129/'Avg Shares Outstanding'!I129,"") -> 0.36628084 | J129: =IFERROR('Net Income'!J129/'Avg Shares Outstanding'!J129,"") -> -0.56770559 | K129: =IFERROR('Net Income'!K129/'Avg Shares Outstanding'!K129,"") -> 1.6371219 | L129: =IFERROR('Net Income'!L129/'Avg Shares Outstanding'!L129,"") -> 0.25985622 | ... N129: =IFERROR('Net Income'!N129/'Avg Shares Outstanding'!N129,"") -> 4.472577
A130: ='Net Income'!A130 -> CABK.MC | B130: ='Net Income'!B130 -> CaixaBank | C130: ='Net Income'!C130 -> Spain | D130: ='Net Income'!D130 -> IBEX 35 | E130: =IFERROR('Net Income'!E130/'Avg Shares Outstanding'!E130,"") -> 0.1399328 | F130: =IFERROR('Net Income'!F130/'Avg Shares Outstanding'!F130,"") -> 0.1792212 | G130: =IFERROR('Net Income'!G130/'Avg Shares Outstanding'!G130,"") -> 0.28170847 | H130: =IFERROR('Net Income'!H130/'Avg Shares Outstanding'!H130,"") -> 0.3320152 | I130: =IFERROR('Net Income'!I130/'Avg Shares Outstanding'!I130,"") -> 0.28521245 | J130: =IFERROR('Net Income'!J130/'Avg Shares Outstanding'!J130,"") -> 0.23105237 | K130: =IFERROR('Net Income'!K130/'Avg Shares Outstanding'!K130,"") -> 0.68990099 | L130: =IFERROR('Net Income'!L130/'Avg Shares Outstanding'!L130,"") -> 0.40017905 | ... N130: =IFERROR('Net Income'!N130/'Avg Shares Outstanding'!N130,"") -> 0.79688791
A131: ='Net Income'!A131 -> AMS.MC | B131: ='Net Income'!B131 -> Amadeus IT | C131: ='Net Income'!C131 -> Spain | D131: ='Net Income'!D131 -> IBEX 35 | E131: =IFERROR('Net Income'!E131/'Avg Shares Outstanding'!E131,"") -> 1.5666196 | F131: =IFERROR('Net Income'!F131/'Avg Shares Outstanding'!F131,"") -> 1.8897954 | G131: =IFERROR('Net Income'!G131/'Avg Shares Outstanding'!G131,"") -> 2.2941856 | H131: =IFERROR('Net Income'!H131/'Avg Shares Outstanding'!H131,"") -> 2.329172 | I131: =IFERROR('Net Income'!I131/'Avg Shares Outstanding'!I131,"") -> 2.5837205 | J131: =IFERROR('Net Income'!J131/'Avg Shares Outstanding'!J131,"") -> -1.4047398 | K131: =IFERROR('Net Income'!K131/'Avg Shares Outstanding'!K131,"") -> -0.31642142 | L131: =IFERROR('Net Income'!L131/'Avg Shares Outstanding'!L131,"") -> 1.4766117 | ... N131: =IFERROR('Net Income'!N131/'Avg Shares Outstanding'!N131,"") -> 2.8733954
A132: ='Net Income'!A132 -> REP.MC | B132: ='Net Income'!B132 -> Repsol | C132: ='Net Income'!C132 -> Spain | D132: ='Net Income'!D132 -> IBEX 35 | E132: =IFERROR('Net Income'!E132/'Avg Shares Outstanding'!E132,"") -> -0.94014795 | F132: =IFERROR('Net Income'!F132/'Avg Shares Outstanding'!F132,"") -> 1.1287386 | G132: =IFERROR('Net Income'!G132/'Avg Shares Outstanding'!G132,"") -> 1.3076449 | H132: =IFERROR('Net Income'!H132/'Avg Shares Outstanding'!H132,"") -> 1.4009575 | I132: =IFERROR('Net Income'!I132/'Avg Shares Outstanding'!I132,"") -> -2.3317159 | J132: =IFERROR('Net Income'!J132/'Avg Shares Outstanding'!J132,"") -> -2.0922392 | K132: =IFERROR('Net Income'!K132/'Avg Shares Outstanding'!K132,"") -> 1.6760563 | L132: =IFERROR('Net Income'!L132/'Avg Shares Outstanding'!L132,"") -> 3.0063649 | ... N132: =IFERROR('Net Income'!N132/'Avg Shares Outstanding'!N132,"") -> 1.4843618
A133: ='Net Income'!A133 -> AENA.MC | B133: ='Net Income'!B133 -> Aena | C133: ='Net Income'!C133 -> Spain | D133: ='Net Income'!D133 -> IBEX 35 | E133: =IFERROR('Net Income'!E133/'Avg Shares Outstanding'!E133,"") | F133: =IFERROR('Net Income'!F133/'Avg Shares Outstanding'!F133,"") -> 7.7609933 | G133: =IFERROR('Net Income'!G133/'Avg Shares Outstanding'!G133,"") -> 8.2133667 | H133: =IFERROR('Net Income'!H133/'Avg Shares Outstanding'!H133,"") -> 8.8525467 | I133: =IFERROR('Net Income'!I133/'Avg Shares Outstanding'!I133,"") -> 9.61348 | J133: =IFERROR('Net Income'!J133/'Avg Shares Outstanding'!J133,"") -> -1.0716533 | K133: =IFERROR('Net Income'!K133/'Avg Shares Outstanding'!K133,"") -> -0.59722667 | L133: =IFERROR('Net Income'!L133/'Avg Shares Outstanding'!L133,"") -> 6.0099933 | ... N133: =IFERROR('Net Income'!N133/'Avg Shares Outstanding'!N133,"") -> 12.89
A134: ='Net Income'!A134 -> ENG.MC | B134: ='Net Income'!B134 -> Enagas | C134: ='Net Income'!C134 -> Spain | D134: ='Net Income'!D134 -> IBEX 35 | E134: =IFERROR('Net Income'!E134/'Avg Shares Outstanding'!E134,"") -> 1.7285431 | F134: =IFERROR('Net Income'!F134/'Avg Shares Outstanding'!F134,"") -> 1.7499014 | G134: =IFERROR('Net Income'!G134/'Avg Shares Outstanding'!G134,"") -> 2.0586555 | H134: =IFERROR('Net Income'!H134/'Avg Shares Outstanding'!H134,"") -> 1.8564502 | I134: =IFERROR('Net Income'!I134/'Avg Shares Outstanding'!I134,"") -> 1.768809 | J134: =IFERROR('Net Income'!J134/'Avg Shares Outstanding'!J134,"") -> 1.6979823 | K134: =IFERROR('Net Income'!K134/'Avg Shares Outstanding'!K134,"") -> 1.5443386 | L134: =IFERROR('Net Income'!L134/'Avg Shares Outstanding'!L134,"") -> 1.437852 | ... N134: =IFERROR('Net Income'!N134/'Avg Shares Outstanding'!N134,"") -> -1.1466504
A135: ='Net Income'!A135 -> RED.MC | B135: ='Net Income'!B135 -> Redeia (REE) | C135: ='Net Income'!C135 -> Spain | D135: ='Net Income'!D135 -> IBEX 35 | E135: =IFERROR('Net Income'!E135/'Avg Shares Outstanding'!E135,"") -> 1.1227764 | F135: =IFERROR('Net Income'!F135/'Avg Shares Outstanding'!F135,"") -> 1.1813744 | G135: =IFERROR('Net Income'!G135/'Avg Shares Outstanding'!G135,"") -> 1.2421496 | H135: =IFERROR('Net Income'!H135/'Avg Shares Outstanding'!H135,"") -> 1.3074225 | I135: =IFERROR('Net Income'!I135/'Avg Shares Outstanding'!I135,"") -> 1.3247896 | J135: =IFERROR('Net Income'!J135/'Avg Shares Outstanding'!J135,"") -> 1.1528189 | K135: =IFERROR('Net Income'!K135/'Avg Shares Outstanding'!K135,"") -> 1.2626905 | L135: =IFERROR('Net Income'!L135/'Avg Shares Outstanding'!L135,"") -> 1.2325625 | ... N135: =IFERROR('Net Income'!N135/'Avg Shares Outstanding'!N135,"") -> 0.68276035
... A156: ='Net Income'!A156 -> SGRE.MC | B156: ='Net Income'!B156 -> Puig Brands | C156: ='Net Income'!C156 -> Spain | D156: ='Net Income'!D156 -> IBEX 35 | E156: =IFERROR('Net Income'!E156/'Avg Shares Outstanding'!E156,"") | F156: =IFERROR('Net Income'!F156/'Avg Shares Outstanding'!F156,"") | G156: =IFERROR('Net Income'!G156/'Avg Shares Outstanding'!G156,"") | H156: =IFERROR('Net Income'!H156/'Avg Shares Outstanding'!H156,"") | I156: =IFERROR('Net Income'!I156/'Avg Shares Outstanding'!I156,"") | J156: =IFERROR('Net Income'!J156/'Avg Shares Outstanding'!J156,"") | K156: =IFERROR('Net Income'!K156/'Avg Shares Outstanding'!K156,"") | L156: =IFERROR('Net Income'!L156/'Avg Shares Outstanding'!L156,"") | ... N156: =IFERROR('Net Income'!N156/'Avg Shares Outstanding'!N156,"")

Sheet Stock Prices
A1: Year-End Closing Stock Prices (€)
A2: Values to be filled manually. Blue cells = data input fields.
D3: Last Trading Day | E3: 12/30/2014 | F3: 12/30/2015 | G3: 12/30/2016 | H3: 12/29/2017 | I3: 12/28/2018 | J3: 12/30/2019 | K3: 12/30/2020 | L3: 12/30/2021 | M3: 12/30/2022 | N3: 12/29/2023 | O3: 12/30/2024
A4: Ticker | B4: Company | C4: Country | D4: Index | E4: 2014 | F4: 2015 | G4: 2016 | H4: 2017 | I4: 2018 | J4: 2019 | K4: 2020 | L4: 2021 | M4: 2022 | N4: 2023 | O4: 2024
A5: FTSE MIB
A6: A2A.MI | B6: A2A | C6: Italy | D6: FTSE MIB | E6: 0.8375 | F6: 1.25 | G6: 1.23 | H6: 1.54 | I6: 1.57 | J6: 1.67 | K6: 1.3 | L6: 1.72 | M6: 1.25 | N6: 1.86 | O6: 2.15
A7: AMP.MI | B7: Amplifon | C7: Italy | D7: FTSE MIB | E7: 4.9 | F7: 8 | G7: 9.05 | H7: 12.84 | I7: 14.05 | J7: 25.64 | K7: 34.04 | L7: 47.45 | M7: 27.82 | N7: 31.34 | O7: 24.85
A8: G.MI | B8: Assicurazioni Generali | C8: Italy | D8: FTSE MIB | E8: 17 | F8: 16.92 | G8: 14.12 | H8: 15.2 | I8: 14.6 | J8: 18.4 | K8: 14.26 | L8: 18.63 | M8: 16.61 | N8: 19.11 | O8: 27.27
A9: AZM.MI | B9: Azimut Holding | C9: Italy | D9: FTSE MIB | E9: 16.55 | F9: 21.17 | G9: 14.56 | H9: 14.66 | I9: 9.23 | J9: 20.98 | K9: 17.52 | L9: 24.33 | M9: 20.63 | N9: 23.3 | O9: 23.99
A10: BGN.MI | B10: Banca Generali | C10: Italy | D10: FTSE MIB | E10: 23.05 | F10: 29.18 | G10: 22.66 | H10: 27.74 | I10: 18.13 | J10: 28.96 | K10: 27.24 | L10: 38.75 | M10: 32.06 | N10: 33.64 | O10: 44.86
A11: BMED.MI | B11: Banca Mediolanum | C11: Italy | D11: FTSE MIB | E11: 5.29 | F11: 7.31 | G11: 6.83 | H11: 7.22 | I11: 5.09 | J11: 8.86 | K11: 7.1 | L11: 8.68 | M11: 7.8 | N11: 8.53 | O11: 11.49
A12: BAMI.MI | B12: Banco BPM | C12: Italy | D12: FTSE MIB | E12: 7.46 | F12: 9.5 | G12: 2.29 | H12: 2.62 | I12: 1.97 | J12: 2.03 | K12: 1.81 | L12: 2.64 | M12: 3.33 | N12: 4.78 | O12: 7.81
A13: BPE.MI | B13: BPER Banca | C13: Italy | D13: FTSE MIB | E13: 3.7 | F13: 4.77 | G13: 3.43 | H13: 2.85 | I13: 2.28 | J13: 3.03 | K13: 1.49 | L13: 1.82 | M13: 1.92 | N13: 3.03 | O13: 6.13
A14: BZU.MI | B14: Buzzi | C14: Italy | D14: FTSE MIB | E14: 10.51 | F14: 16.6 | G14: 22.51 | H14: 22.5 | I14: 15.025 | J14: 22.450001 | K14: 19.5 | L14: 18.975 | M14: 18 | N14: 27.54 | O14: 35.58
A15: CPR.MI | B15: Campari Group | C15: Italy | D15: FTSE MIB | E15: 2.58 | F15: 4 | G15: 4.64 | H15: 6.45 | I15: 7.39 | J15: 8.14 | K15: 9.34 | L15: 12.86 | M15: 9.48 | N15: 10.22 | O15: 6.02
A16: CNHI.MI | B16: CNH Industrial | C16: Italy | D16: FTSE MIB | E16: 6.7 | F16: 6.34 | G16: 8.27 | H16: 11.17 | I16: 7.85 | J16: 9.79 | K16: 10.33 | L16: 14.82 | M16: 14.97 | N16: 11.08 | O16: 0
A17: DIA.MI | B17: DiaSorin | C17: Italy | D17: FTSE MIB | E17: 33.33 | F17: 48.45 | G17: 56.25 | H17: 74 | I17: 70.7 | J17: 115.4 | K17: 170.1 | L17: 167.45 | M17: 130.4 | N17: 93.24 | O17: 99.56
... A43: UNI.MI | B43: Unipol | C43: Italy | D43: FTSE MIB | E43: 4.12 | F43: 4.764 | G43: 3.424 | H43: 3.91 | I43: 3.518 | J43: 5.112 | K43: 3.91 | L43: 4.779 | M43: 4.558 | N43: 5.16 | O43: 12.03
A44: DAX 40
A45: ADS.DE | B45: Adidas | C45: Germany | D45: DAX 40 | E45: 57.62 | F45: 89.91 | G45: 150.15 | H45: 167.15 | I45: 182.4 | J45: 289.8 | K45: 297.9 | L45: 253.2 | M45: 127.46 | N45: 184.16 | O45: 236.8
A46: AIR.DE | B46: Airbus | C46: Germany | D46: DAX 40 | E46: 41.1 | F46: 62.75 | G46: 62.71 | H46: 83.67 | I46: 83.51 | J46: 132.14 | K46: 91.32 | L46: 111.72 | M46: 111.38 | N46: 140.08 | O46: 154.46
A47: ALV.DE | B47: Allianz | C47: Germany | D47: DAX 40 | E47: 137.35 | F47: 163.55 | G47: 157 | H47: 191.5 | I47: 175.14 | J47: 218.4 | K47: 200.7 | L47: 207.65 | M47: 200.9 | N47: 241.95 | O47: 295.9
A48: BAS.DE | B48: BASF | C48: Germany | D48: DAX 40 | E48: 69.88 | F48: 70.72 | G48: 88.31 | H48: 91.74 | I48: 60.4 | J48: 67.35 | K48: 64.72 | L48: 61.78 | M48: 46.39 | N48: 48.78 | O48: 42.46
A49: BMW.DE | B49: BMW | C49: Germany | D49: DAX 40 | E49: 89.77 | F49: 97.63 | G49: 88.75 | H49: 86.83 | I49: 70.7 | J49: 73.14 | K49: 72.23 | L49: 88.49 | M49: 83.38 | N49: 100.78 | O49: 78.98
A50: BAYN.DE | B50: Bayer | C50: Germany | D50: DAX 40 | E50: 111.2 | F50: 113.96 | G50: 97.55 | H50: 102.35 | I50: 60.56 | J50: 72.81 | K50: 48.15 | L50: 47 | M50: 48.33 | N50: 33.63 | O50: 19.31
A51: BEI.DE | B51: Beiersdorf | C51: Germany | D51: DAX 40 | E51: 67.42 | F51: 84.16 | G51: 80.6 | H51: 97.9 | I51: 91.16 | J51: 106.65 | K51: 94.44 | L51: 90.38 | M51: 107.2 | N51: 135.7 | O51: 124
A52: BNR.DE | B52: Brenntag | C52: Germany | D52: DAX 40 | E52: 46.51 | F52: 48.28 | G52: 52.8 | H52: 52.77 | I52: 37.7 | J52: 48.48 | K52: 63.34 | L52: 79.58 | M52: 59.72 | N52: 83.22 | O52: 57.88
A53: CBK.DE | B53: Commerzbank | C53: Germany | D53: DAX 40 | E53: 10.98 | F53: 9.57 | G53: 7.25 | H53: 12.51 | I53: 5.78 | J53: 5.52 | K53: 5.27 | L53: 6.69 | M53: 8.84 | N53: 10.76 | O53: 15.73
A54: CON.DE | B54: Continental | C54: Germany | D54: DAX 40 | E54: 156.11 | F54: 199.69 | G54: 163.36 | H54: 200.13 | I54: 107.38 | J54: 102.5 | K54: 107.82 | L54: 93.11 | M54: 55.98 | N54: 76.92 | O54: 64.82
A55: 1COV.DE | B55: Covestro | C55: Germany | D55: DAX 40 | E55: 0 | F55: 33.63 | G55: 65.18 | H55: 86.03 | I55: 43.18 | J55: 41.45 | K55: 50.48 | L55: 54.2 | M55: 36.55 | N55: 52.68 | O55: 56.16
A56: DTG.DE | B56: Daimler Truck | C56: Germany | D56: DAX 40 | E56: 0 | F56: 0 | G56: 0 | H56: 0 | I56: 0 | J56: 0 | K56: 0 | L56: 32.29 | M56: 28.95 | N56: 34.02 | O56: 36.85
... A84: ZAL.DE | B84: Zalando | C84: Germany | D84: DAX 40 | E84: 25.5 | F84: 36.4 | G84: 36.29 | H84: 44.12 | I84: 22.44 | J84: 45.18 | K84: 91.06 | L84: 71.14 | M84: 33.11 | N84: 21.45 | O84: 32.39
A85: CAC 40
A86: MC.PA | B86: LVMH | C86: France | D86: CAC 40 | E86: 131.15 | F86: 147.15 | G86: 181.4 | H86: 245.4 | I86: 252.75 | J86: 414.6 | K86: 513.1 | L86: 730 | M86: 679.9 | N86: 733.6 | O86: 629.3
A87: SU.PA | B87: Schneider Electric | C87: France | D87: CAC 40 | E87: 59.65 | F87: 53.68 | G87: 66.11 | H87: 70.86 | I87: 59.32 | J87: 91.54 | K87: 120.85 | L87: 172.84 | M87: 130.72 | N87: 181.78 | O87: 239.4
A88: AIR.PA | B88: Airbus | C88: France | D88: CAC 40 | E88: 40.94 | F88: 62.58 | G88: 62.84 | H88: 83 | I88: 83.76 | J88: 130 | K88: 91.25 | L88: 112.68 | M88: 111.02 | N88: 139.78 | O88: 154.38
A89: TTE.PA | B89: TotalEnergies | C89: France | D89: CAC 40 | E89: 42.54 | F89: 41.56 | G89: 48.72 | H89: 46.04 | I89: 46.08 | J89: 49.19 | K89: 35.59 | L89: 44.9 | M89: 58.65 | N89: 61.6 | O89: 52.6
A90: SAN.PA | B90: Sanofi | C90: France | D90: CAC 40 | E90: 75 | F90: 79.71 | G90: 76.9 | H90: 71.85 | I90: 75.22 | J90: 89.75 | K90: 78.86 | L90: 89.13 | M90: 89.84 | N90: 89.76 | O90: 93.14
A91: SAF.PA | B91: Safran | C91: France | D91: CAC 40 | E91: 50.42 | F91: 63.75 | G91: 68.42 | H91: 85.91 | I91: 103.1 | J91: 137.1 | K91: 119 | L91: 107.08 | M91: 116.92 | N91: 159.46 | O91: 210.4
A92: AI.PA | B92: Air Liquide | C92: France | D92: CAC 40 | E92: 67.51 | F92: 69.49 | G92: 71.79 | H92: 78.52 | I92: 79.41 | J92: 103.55 | K92: 111.24 | L92: 126.35 | M92: 120.05 | N92: 159.69 | O92: 154.62
A93: OR.PA | B93: L'Oreal | C93: France | D93: CAC 40 | E93: 138.15 | F93: 157.35 | G93: 173.4 | H93: 184.95 | I93: 198.1 | J93: 263.2 | K93: 313.2 | L93: 419.8 | M93: 333.6 | N93: 450.65 | O93: 337.4
A94: EL.PA | B94: EssilorLuxottica | C94: France | D94: CAC 40 | E94: 90.75 | F94: 116.25 | G94: 107.35 | H94: 114.95 | I94: 109.75 | J94: 134.9 | K94: 128.85 | L94: 187.64 | M94: 169.2 | N94: 181.6 | O94: 232.3
A95: BNP.PA | B95: BNP Paribas | C95: France | D95: CAC 40 | E95: 48.83 | F95: 52.59 | G95: 60.55 | H95: 62.25 | I95: 39.38 | J95: 52.73 | K95: 43.31 | L95: 60.67 | M95: 53.25 | N95: 62.59 | O95: 58.73
A96: CS.PA | B96: AXA | C96: France | D96: CAC 40 | E96: 19.13 | F96: 25.3 | G96: 23.99 | H96: 24.74 | I96: 18.78 | J96: 25.09 | K96: 19.68 | L96: 26.29 | M96: 26.06 | N96: 29.49 | O96: 34.12
A97: RMS.PA | B97: Hermes | C97: France | D97: CAC 40 | E97: 293.35 | F97: 314.5 | G97: 390 | H97: 446.25 | I97: 476.8 | J97: 671.2 | K97: 884 | L97: 1537.5 | M97: 1445 | N97: 1918.8 | O97: 2305
... A123: BIM.PA | B123: bioMerieux | C123: France | D123: CAC 40 | E123: 28.52 | F123: 36.75 | G123: 47.3 | H123: 74.69 | I123: 55.8 | J123: 79.85 | K123: 116.7 | L123: 125.65 | M123: 97.92 | N123: 100.6 | O123: 102.4
A124: IBEX 35
A125: ITX.MC | B125: Inditex | C125: Spain | D125: IBEX 35 | E125: 23.73 | F125: 32.01 | G125: 32.43 | H125: 29.05 | I125: 22.39 | J125: 31.75 | K125: 26.39 | L125: 28.53 | M125: 24.85 | N125: 39.43 | O125: 49.64
A126: SAN.MC | B126: Banco Santander | C126: Spain | D126: IBEX 35 | E126: 6.62 | F126: 4.35 | G126: 4.67 | H126: 5.25 | I126: 3.78 | J126: 3.59 | K126: 2.58 | L126: 2.94 | M126: 2.8 | N126: 3.78 | O126: 4.4
A127: IBE.MC | B127: Iberdrola | C127: Spain | D127: IBEX 35 | E127: 5.59 | F127: 6.58 | G127: 6.23 | H127: 6.46 | I127: 6.91 | J127: 9.28 | K127: 11.74 | L127: 10.41 | M127: 10.93 | N127: 11.87 | O127: 13.22
A128: BBVA.MC | B128: BBVA | C128: Spain | D128: IBEX 35 | E128: 7.86 | F128: 6.84 | G128: 6.41 | H128: 7.11 | I128: 4.64 | J128: 5.01 | K128: 4.07 | L128: 5.25 | M128: 5.63 | N128: 8.23 | O128: 9.37
A129: TEF.MC | B129: Telefonica | C129: Spain | D129: IBEX 35 | E129: 11.74 | F129: 10.44 | G129: 8.82 | H129: 8.13 | I129: 7.38 | J129: 6.32 | K129: 3.27 | L129: 3.85 | M129: 3.39 | N129: 3.53 | O129: 3.93
A130: FER.MC | B130: Ferrovial | C130: Spain | D130: IBEX 35 | E130: 16.04 | F130: 20.94 | G130: 17 | H130: 18.92 | I130: 17.61 | J130: 26.74 | K130: 22.73 | L130: 27.56 | M130: 24.47 | N130: 33.02 | O130: 40.66
A131: CABK.MC | B131: CaixaBank | C131: Spain | D131: IBEX 35 | E131: 4.37 | F131: 3.24 | G131: 3.14 | H131: 3.89 | I131: 3.13 | J131: 2.8 | K131: 2.13 | L131: 2.41 | M131: 3.67 | N131: 3.73 | O131: 5.21
A132: AMS.MC | B132: Amadeus IT | C132: Spain | D132: IBEX 35 | E132: 32.66 | F132: 40.97 | G132: 43.17 | H132: 60.11 | I132: 61.24 | J132: 72.92 | K132: 60.72 | L132: 59.64 | M132: 48.55 | N132: 64.88 | O132: 67.58
A133: REP.MC | B133: Repsol | C133: Spain | D133: IBEX 35 | E133: 15.57 | F133: 10.3 | G133: 13.42 | H133: 14.75 | I133: 14.17 | J133: 14.13 | K133: 8.29 | L133: 10.44 | M133: 14.85 | N133: 13.45 | O133: 11.49
A134: AENA.MC | B134: Aena | C134: Spain | D134: IBEX 35 | E134: 0 | F134: 105.8 | G134: 129.65 | H134: 169 | I134: 136 | J134: 173.05 | K134: 143.8 | L134: 138.8 | M134: 117.3 | N134: 164.1 | O134: 199.1
A135: ENG.MC | B135: Enagas | C135: Spain | D135: IBEX 35 | E135: 26.04 | F135: 26.32 | G135: 24.13 | H135: 23.87 | I135: 23.38 | J135: 23.2 | K135: 18.29 | L135: 20.4 | M135: 15.53 | N135: 15.27 | O135: 11.67
A136: RED.MC | B136: Redeia (REE) | C136: Spain | D136: IBEX 35 | E136: 18.53 | F136: 19.4 | G136: 17.92 | H136: 18.71 | I136: 19.36 | J136: 18.08 | K136: 16.9 | L136: 19.02 | M136: 16.26 | N136: 14.91 | O136: 16.42
... A157: SGRE.MC | B157: Puig Brands | C157: Spain | D157: IBEX 35 | E157: 0 | F157: 0 | G157: 0 | H157: 0 | I157: 0 | J157: 0 | K157: 0 | L157: 0 | M157: 0 | N157: 0 | O157: 0

Sheet Stock Price Return
A1: Annual Stock Price Return (%)
A2: Values to be filled manually. Blue cells = data input fields.
A3: Ticker | B3: Company | C3: Country | D3: Index | E3: 2015 | F3: 2016 | G3: 2017 | H3: 2018 | I3: 2019 | J3: 2020 | K3: 2021 | L3: 2022 | M3: 2023 | N3: 2024
A4: FTSE MIB
A5: A2A.MI | B5: A2A | C5: Italy | D5: FTSE MIB | E5: =('Stock Prices'!F6-'Stock Prices'!E6)/'Stock Prices'!E6 -> 0.49253731 | F5: =('Stock Prices'!G6-'Stock Prices'!F6)/'Stock Prices'!F6 -> -0.016 | G5: =('Stock Prices'!H6-'Stock Prices'!G6)/'Stock Prices'!G6 -> 0.25203252 | H5: =('Stock Prices'!I6-'Stock Prices'!H6)/'Stock Prices'!H6 -> 0.019480519 | I5: =('Stock Prices'!J6-'Stock Prices'!I6)/'Stock Prices'!I6 -> 0.063694268 | J5: =('Stock Prices'!K6-'Stock Prices'!J6)/'Stock Prices'!J6 -> -0.22155689 | K5: =('Stock Prices'!L6-'Stock Prices'!K6)/'Stock Prices'!K6 -> 0.32307692 | L5: =('Stock Prices'!M6-'Stock Prices'!L6)/'Stock Prices'!L6 -> -0.27325581 | ... N5: =('Stock Prices'!O6-'Stock Prices'!N6)/'Stock Prices'!N6 -> 0.15591398
A6: AMP.MI | B6: Amplifon | C6: Italy | D6: FTSE MIB | E6: =('Stock Prices'!F7-'Stock Prices'!E7)/'Stock Prices'!E7 -> 0.63265306 | F6: =('Stock Prices'!G7-'Stock Prices'!F7)/'Stock Prices'!F7 -> 0.13125 | G6: =('Stock Prices'!H7-'Stock Prices'!G7)/'Stock Prices'!G7 -> 0.41878453 | H6: =('Stock Prices'!I7-'Stock Prices'!H7)/'Stock Prices'!H7 -> 0.09423676 | I6: =('Stock Prices'!J7-'Stock Prices'!I7)/'Stock Prices'!I7 -> 0.82491103 | J6: =('Stock Prices'!K7-'Stock Prices'!J7)/'Stock Prices'!J7 -> 0.3276131 | K6: =('Stock Prices'!L7-'Stock Prices'!K7)/'Stock Prices'!K7 -> 0.3939483 | L6: =('Stock Prices'!M7-'Stock Prices'!L7)/'Stock Prices'!L7 -> -0.41369863 | ... N6: =('Stock Prices'!O7-'Stock Prices'!N7)/'Stock Prices'!N7 -> -0.2070836
A7: G.MI | B7: Assicurazioni Generali | C7: Italy | D7: FTSE MIB | E7: =('Stock Prices'!F8-'Stock Prices'!E8)/'Stock Prices'!E8 -> -0.0047058824 | F7: =('Stock Prices'!G8-'Stock Prices'!F8)/'Stock Prices'!F8 -> -0.16548463 | G7: =('Stock Prices'!H8-'Stock Prices'!G8)/'Stock Prices'!G8 -> 0.076487252 | H7: =('Stock Prices'!I8-'Stock Prices'!H8)/'Stock Prices'!H8 -> -0.039473684 | I7: =('Stock Prices'!J8-'Stock Prices'!I8)/'Stock Prices'!I8 -> 0.26027397 | J7: =('Stock Prices'!K8-'Stock Prices'!J8)/'Stock Prices'!J8 -> -0.225 | K7: =('Stock Prices'!L8-'Stock Prices'!K8)/'Stock Prices'!K8 -> 0.30645161 | L7: =('Stock Prices'!M8-'Stock Prices'!L8)/'Stock Prices'!L8 -> -0.10842727 | ... N7: =('Stock Prices'!O8-'Stock Prices'!N8)/'Stock Prices'!N8 -> 0.42700157
A8: AZM.MI | B8: Azimut Holding | C8: Italy | D8: FTSE MIB | E8: =('Stock Prices'!F9-'Stock Prices'!E9)/'Stock Prices'!E9 -> 0.27915408 | F8: =('Stock Prices'!G9-'Stock Prices'!F9)/'Stock Prices'!F9 -> -0.31223429 | G8: =('Stock Prices'!H9-'Stock Prices'!G9)/'Stock Prices'!G9 -> 0.0068681319 | H8: =('Stock Prices'!I9-'Stock Prices'!H9)/'Stock Prices'!H9 -> -0.37039563 | I8: =('Stock Prices'!J9-'Stock Prices'!I9)/'Stock Prices'!I9 -> 1.2730228 | J8: =('Stock Prices'!K9-'Stock Prices'!J9)/'Stock Prices'!J9 -> -0.16491897 | K8: =('Stock Prices'!L9-'Stock Prices'!K9)/'Stock Prices'!K9 -> 0.38869863 | L8: =('Stock Prices'!M9-'Stock Prices'!L9)/'Stock Prices'!L9 -> -0.15207563 | ... N8: =('Stock Prices'!O9-'Stock Prices'!N9)/'Stock Prices'!N9 -> 0.029613734
A9: BGN.MI | B9: Banca Generali | C9: Italy | D9: FTSE MIB | E9: =('Stock Prices'!F10-'Stock Prices'!E10)/'Stock Prices'!E10 -> 0.2659436 | F9: =('Stock Prices'!G10-'Stock Prices'!F10)/'Stock Prices'!F10 -> -0.22344071 | G9: =('Stock Prices'!H10-'Stock Prices'!G10)/'Stock Prices'!G10 -> 0.22418358 | H9: =('Stock Prices'!I10-'Stock Prices'!H10)/'Stock Prices'!H10 -> -0.34643115 | I9: =('Stock Prices'!J10-'Stock Prices'!I10)/'Stock Prices'!I10 -> 0.59735245 | J9: =('Stock Prices'!K10-'Stock Prices'!J10)/'Stock Prices'!J10 -> -0.059392265 | K9: =('Stock Prices'!L10-'Stock Prices'!K10)/'Stock Prices'!K10 -> 0.42254038 | L9: =('Stock Prices'!M10-'Stock Prices'!L10)/'Stock Prices'!L10 -> -0.17264516 | ... N9: =('Stock Prices'!O10-'Stock Prices'!N10)/'Stock Prices'!N10 -> 0.33353151
A10: BMED.MI | B10: Banca Mediolanum | C10: Italy | D10: FTSE MIB | E10: =('Stock Prices'!F11-'Stock Prices'!E11)/'Stock Prices'!E11 -> 0.38185255 | F10: =('Stock Prices'!G11-'Stock Prices'!F11)/'Stock Prices'!F11 -> -0.065663475 | G10: =('Stock Prices'!H11-'Stock Prices'!G11)/'Stock Prices'!G11 -> 0.057101025 | H10: =('Stock Prices'!I11-'Stock Prices'!H11)/'Stock Prices'!H11 -> -0.29501385 | I10: =('Stock Prices'!J11-'Stock Prices'!I11)/'Stock Prices'!I11 -> 0.74066798 | J10: =('Stock Prices'!K11-'Stock Prices'!J11)/'Stock Prices'!J11 -> -0.1986456 | K10: =('Stock Prices'!L11-'Stock Prices'!K11)/'Stock Prices'!K11 -> 0.22253521 | L10: =('Stock Prices'!M11-'Stock Prices'!L11)/'Stock Prices'!L11 -> -0.10138249 | ... N10: =('Stock Prices'!O11-'Stock Prices'!N11)/'Stock Prices'!N11 -> 0.34701055
A11: BAMI.MI | B11: Banco BPM | C11: Italy | D11: FTSE MIB | E11: =('Stock Prices'!F12-'Stock Prices'!E12)/'Stock Prices'!E12 -> 0.27345845 | F11: =('Stock Prices'!G12-'Stock Prices'!F12)/'Stock Prices'!F12 -> -0.75894737 | G11: =('Stock Prices'!H12-'Stock Prices'!G12)/'Stock Prices'!G12 -> 0.1441048 | H11: =('Stock Prices'!I12-'Stock Prices'!H12)/'Stock Prices'!H12 -> -0.2480916 | I11: =('Stock Prices'!J12-'Stock Prices'!I12)/'Stock Prices'!I12 -> 0.030456853 | J11: =('Stock Prices'!K12-'Stock Prices'!J12)/'Stock Prices'!J12 -> -0.10837438 | K11: =('Stock Prices'!L12-'Stock Prices'!K12)/'Stock Prices'!K12 -> 0.45856354 | L11: =('Stock Prices'!M12-'Stock Prices'!L12)/'Stock Prices'!L12 -> 0.26136364 | ... N11: =('Stock Prices'!O12-'Stock Prices'!N12)/'Stock Prices'!N12 -> 0.63389121
A12: BPE.MI | B12: BPER Banca | C12: Italy | D12: FTSE MIB | E12: =('Stock Prices'!F13-'Stock Prices'!E13)/'Stock Prices'!E13 -> 0.28918919 | F12: =('Stock Prices'!G13-'Stock Prices'!F13)/'Stock Prices'!F13 -> -0.28092243 | G12: =('Stock Prices'!H13-'Stock Prices'!G13)/'Stock Prices'!G13 -> -0.16909621 | H12: =('Stock Prices'!I13-'Stock Prices'!H13)/'Stock Prices'!H13 -> -0.2 | I12: =('Stock Prices'!J13-'Stock Prices'!I13)/'Stock Prices'!I13 -> 0.32894737 | J12: =('Stock Prices'!K13-'Stock Prices'!J13)/'Stock Prices'!J13 -> -0.50825083 | K12: =('Stock Prices'!L13-'Stock Prices'!K13)/'Stock Prices'!K13 -> 0.22147651 | L12: =('Stock Prices'!M13-'Stock Prices'!L13)/'Stock Prices'!L13 -> 0.054945055 | ... N12: =('Stock Prices'!O13-'Stock Prices'!N13)/'Stock Prices'!N13 -> 1.0231023
A13: BZU.MI | B13: Buzzi | C13: Italy | D13: FTSE MIB | E13: =('Stock Prices'!F14-'Stock Prices'!E14)/'Stock Prices'!E14 -> 0.57944814 | F13: =('Stock Prices'!G14-'Stock Prices'!F14)/'Stock Prices'!F14 -> 0.3560241 | G13: =('Stock Prices'!H14-'Stock Prices'!G14)/'Stock Prices'!G14 -> -0.000444247 | H13: =('Stock Prices'!I14-'Stock Prices'!H14)/'Stock Prices'!H14 -> -0.33222222 | I13: =('Stock Prices'!J14-'Stock Prices'!I14)/'Stock Prices'!I14 -> 0.49417644 | J13: =('Stock Prices'!K14-'Stock Prices'!J14)/'Stock Prices'!J14 -> -0.13140316 | K13: =('Stock Prices'!L14-'Stock Prices'!K14)/'Stock Prices'!K14 -> -0.026923077 | L13: =('Stock Prices'!M14-'Stock Prices'!L14)/'Stock Prices'!L14 -> -0.051383399 | ... N13: =('Stock Prices'!O14-'Stock Prices'!N14)/'Stock Prices'!N14 -> 0.291939
A14: CPR.MI | B14: Campari Group | C14: Italy | D14: FTSE MIB | E14: =('Stock Prices'!F15-'Stock Prices'!E15)/'Stock Prices'!E15 -> 0.5503876 | F14: =('Stock Prices'!G15-'Stock Prices'!F15)/'Stock Prices'!F15 -> 0.16 | G14: =('Stock Prices'!H15-'Stock Prices'!G15)/'Stock Prices'!G15 -> 0.39008621 | H14: =('Stock Prices'!I15-'Stock Prices'!H15)/'Stock Prices'!H15 -> 0.14573643 | I14: =('Stock Prices'!J15-'Stock Prices'!I15)/'Stock Prices'!I15 -> 0.1014885 | J14: =('Stock Prices'!K15-'Stock Prices'!J15)/'Stock Prices'!J15 -> 0.14742015 | K14: =('Stock Prices'!L15-'Stock Prices'!K15)/'Stock Prices'!K15 -> 0.37687366 | L14: =('Stock Prices'!M15-'Stock Prices'!L15)/'Stock Prices'!L15 -> -0.26283048 | ... N14: =('Stock Prices'!O15-'Stock Prices'!N15)/'Stock Prices'!N15 -> -0.4109589
A15: CNHI.MI | B15: CNH Industrial | C15: Italy | D15: FTSE MIB | E15: =('Stock Prices'!F16-'Stock Prices'!E16)/'Stock Prices'!E16 -> -0.053731343 | F15: =('Stock Prices'!G16-'Stock Prices'!F16)/'Stock Prices'!F16 -> 0.3044164 | G15: =('Stock Prices'!H16-'Stock Prices'!G16)/'Stock Prices'!G16 -> 0.35066505 | H15: =('Stock Prices'!I16-'Stock Prices'!H16)/'Stock Prices'!H16 -> -0.29722471 | I15: =('Stock Prices'!J16-'Stock Prices'!I16)/'Stock Prices'!I16 -> 0.24713376 | J15: =('Stock Prices'!K16-'Stock Prices'!J16)/'Stock Prices'!J16 -> 0.055158325 | K15: =('Stock Prices'!L16-'Stock Prices'!K16)/'Stock Prices'!K16 -> 0.43465634 | L15: =('Stock Prices'!M16-'Stock Prices'!L16)/'Stock Prices'!L16 -> 0.010121457 | M15: =('Stock Prices'!N16-'Stock Prices'!M16)/'Stock Prices'!M16 -> -0.25985304
A16: DIA.MI | B16: DiaSorin | C16: Italy | D16: FTSE MIB | E16: =('Stock Prices'!F17-'Stock Prices'!E17)/'Stock Prices'!E17 -> 0.45364536 | F16: =('Stock Prices'!G17-'Stock Prices'!F17)/'Stock Prices'!F17 -> 0.16099071 | G16: =('Stock Prices'!H17-'Stock Prices'!G17)/'Stock Prices'!G17 -> 0.31555556 | H16: =('Stock Prices'!I17-'Stock Prices'!H17)/'Stock Prices'!H17 -> -0.044594595 | I16: =('Stock Prices'!J17-'Stock Prices'!I17)/'Stock Prices'!I17 -> 0.63224894 | J16: =('Stock Prices'!K17-'Stock Prices'!J17)/'Stock Prices'!J17 -> 0.47400347 | K16: =('Stock Prices'!L17-'Stock Prices'!K17)/'Stock Prices'!K17 -> -0.015579071 | L16: =('Stock Prices'!M17-'Stock Prices'!L17)/'Stock Prices'!L17 -> -0.22126008 | ... N16: =('Stock Prices'!O17-'Stock Prices'!N17)/'Stock Prices'!N17 -> 0.067782068
A17: ENEL.MI | B17: Enel | C17: Italy | D17: FTSE MIB | E17: =('Stock Prices'!F18-'Stock Prices'!E18)/'Stock Prices'!E18 -> 0.051351351 | F17: =('Stock Prices'!G18-'Stock Prices'!F18)/'Stock Prices'!F18 -> 0.077120823 | G17: =('Stock Prices'!H18-'Stock Prices'!G18)/'Stock Prices'!G18 -> 0.22434368 | H17: =('Stock Prices'!I18-'Stock Prices'!H18)/'Stock Prices'!H18 -> -0.01754386 | I17: =('Stock Prices'!J18-'Stock Prices'!I18)/'Stock Prices'!I18 -> 0.40277778 | J17: =('Stock Prices'!K18-'Stock Prices'!J18)/'Stock Prices'!J18 -> 0.17114569 | K17: =('Stock Prices'!L18-'Stock Prices'!K18)/'Stock Prices'!K18 -> -0.14855072 | L17: =('Stock Prices'!M18-'Stock Prices'!L18)/'Stock Prices'!L18 -> -0.28652482 | ... N17: =('Stock Prices'!O18-'Stock Prices'!N18)/'Stock Prices'!N18 -> 0.023774146
A18: ENI.MI | B18: Eni | C18: Italy | D18: FTSE MIB | E18: =('Stock Prices'!F19-'Stock Prices'!E19)/'Stock Prices'!E19 -> -0.048931771 | F18: =('Stock Prices'!G19-'Stock Prices'!F19)/'Stock Prices'!F19 -> 0.12101449 | G18: =('Stock Prices'!H19-'Stock Prices'!G19)/'Stock Prices'!G19 -> -0.10795087 | H18: =('Stock Prices'!I19-'Stock Prices'!H19)/'Stock Prices'!H19 -> -0.0036231884 | I18: =('Stock Prices'!J19-'Stock Prices'!I19)/'Stock Prices'!I19 -> 0.0072727273 | J18: =('Stock Prices'!K19-'Stock Prices'!J19)/'Stock Prices'!J19 -> -0.38267148 | K18: =('Stock Prices'!L19-'Stock Prices'!K19)/'Stock Prices'!K19 -> 0.42923977 | L18: =('Stock Prices'!M19-'Stock Prices'!L19)/'Stock Prices'!L19 -> 0.087561375 | ... N18: =('Stock Prices'!O19-'Stock Prices'!N19)/'Stock Prices'!N19 -> -0.14723127
A19: EXO.MI | B19: Exor | C19: Italy | D19: FTSE MIB
A20: RACE.MI | B20: Ferrari | C20: Italy | D20: FTSE MIB | G20: =('Stock Prices'!H21-'Stock Prices'!G21)/'Stock Prices'!G21 -> 0.58137432 | H20: =('Stock Prices'!I21-'Stock Prices'!H21)/'Stock Prices'!H21 -> -0.0076615209 | I20: =('Stock Prices'!J21-'Stock Prices'!I21)/'Stock Prices'!I21 -> 0.70430975 | J20: =('Stock Prices'!K21-'Stock Prices'!J21)/'Stock Prices'!J21 -> 0.275524 | K20: =('Stock Prices'!L21-'Stock Prices'!K21)/'Stock Prices'!K21 -> 0.20593692 | L20: =('Stock Prices'!M21-'Stock Prices'!L21)/'Stock Prices'!L21 -> -0.12 | M20: =('Stock Prices'!N21-'Stock Prices'!M21)/'Stock Prices'!M21 -> 0.52447552 | N20: =('Stock Prices'!O21-'Stock Prices'!N21)/'Stock Prices'!N21 -> 0.35124509
A21: FBK.MI | B21: FinecoBank | C21: Italy | D21: FTSE MIB | E21: =('Stock Prices'!F22-'Stock Prices'!E22)/'Stock Prices'!E22 -> 0.63383298 | F21: =('Stock Prices'!G22-'Stock Prices'!F22)/'Stock Prices'!F22 -> -0.30144168 | G21: =('Stock Prices'!H22-'Stock Prices'!G22)/'Stock Prices'!G22 -> 0.60225141 | H21: =('Stock Prices'!I22-'Stock Prices'!H22)/'Stock Prices'!H22 -> 0.028103044 | I21: =('Stock Prices'!J22-'Stock Prices'!I22)/'Stock Prices'!I22 -> 0.21753986 | J21: =('Stock Prices'!K22-'Stock Prices'!J22)/'Stock Prices'!J22 -> 0.25350795 | K21: =('Stock Prices'!L22-'Stock Prices'!K22)/'Stock Prices'!K22 -> 0.15223881 | L21: =('Stock Prices'!M22-'Stock Prices'!L22)/'Stock Prices'!L22 -> 0.0051813472 | ... N21: =('Stock Prices'!O22-'Stock Prices'!N22)/'Stock Prices'!N22 -> 0.23546726
A22: HER.MI | B22: Hera Group | C22: Italy | D22: FTSE MIB | E22: =('Stock Prices'!F23-'Stock Prices'!E23)/'Stock Prices'!E23 -> 0.25641026 | F22: =('Stock Prices'!G23-'Stock Prices'!F23)/'Stock Prices'!F23 -> -0.10612245 | G22: =('Stock Prices'!H23-'Stock Prices'!G23)/'Stock Prices'!G23 -> 0.32876712 | H22: =('Stock Prices'!I23-'Stock Prices'!H23)/'Stock Prices'!H23 -> -0.085910653 | I22: =('Stock Prices'!J23-'Stock Prices'!I23)/'Stock Prices'!I23 -> 0.46616541 | J22: =('Stock Prices'!K23-'Stock Prices'!J23)/'Stock Prices'!J23 -> -0.23589744 | K22: =('Stock Prices'!L23-'Stock Prices'!K23)/'Stock Prices'!K23 -> 0.22818792 | L22: =('Stock Prices'!M23-'Stock Prices'!L23)/'Stock Prices'!L23 -> -0.31147541 | ... N22: =('Stock Prices'!O23-'Stock Prices'!N23)/'Stock Prices'!N23 -> 0.15488215
A23: INW.MI | B23: Infrastrutture Wireless Italiane | C23: Italy | D23: FTSE MIB | F23: =('Stock Prices'!G24-'Stock Prices'!F24)/'Stock Prices'!F24 -> -0.12698413 | G23: =('Stock Prices'!H24-'Stock Prices'!G24)/'Stock Prices'!G24 -> 0.40909091 | H23: =('Stock Prices'!I24-'Stock Prices'!H24)/'Stock Prices'!H24 -> -0.037096774 | I23: =('Stock Prices'!J24-'Stock Prices'!I24)/'Stock Prices'!I24 -> 0.46231156 | J23: =('Stock Prices'!K24-'Stock Prices'!J24)/'Stock Prices'!J24 -> 0.13745704 | K23: =('Stock Prices'!L24-'Stock Prices'!K24)/'Stock Prices'!K24 -> 0.075528701 | L23: =('Stock Prices'!M24-'Stock Prices'!L24)/'Stock Prices'!L24 -> -0.11891386 | M23: =('Stock Prices'!N24-'Stock Prices'!M24)/'Stock Prices'!M24 -> 0.21679065 | N23: =('Stock Prices'!O24-'Stock Prices'!N24)/'Stock Prices'!N24 -> -0.14235808
A24: IP.MI | B24: Interpump Group | C24: Italy | D24: FTSE MIB | E24: =('Stock Prices'!F25-'Stock Prices'!E25)/'Stock Prices'!E25 -> 0.22918455 | F24: =('Stock Prices'!G25-'Stock Prices'!F25)/'Stock Prices'!F25 -> 0.085893855 | G24: =('Stock Prices'!H25-'Stock Prices'!G25)/'Stock Prices'!G25 -> 0.68617357 | H24: =('Stock Prices'!I25-'Stock Prices'!H25)/'Stock Prices'!H25 -> -0.0083905038 | I24: =('Stock Prices'!J25-'Stock Prices'!I25)/'Stock Prices'!I25 -> 0.086153846 | J24: =('Stock Prices'!K25-'Stock Prices'!J25)/'Stock Prices'!J25 -> 0.42847025 | K24: =('Stock Prices'!L25-'Stock Prices'!K25)/'Stock Prices'!K25 -> 0.59766973 | L24: =('Stock Prices'!M25-'Stock Prices'!L25)/'Stock Prices'!L25 -> -0.34584947 | ... N24: =('Stock Prices'!O25-'Stock Prices'!N25)/'Stock Prices'!N25 -> -0.089822914
A25: ISP.MI | B25: Intesa Sanpaolo | C25: Italy | D25: FTSE MIB | E25: =('Stock Prices'!F26-'Stock Prices'!E26)/'Stock Prices'!E26 -> 0.2768595 | F25: =('Stock Prices'!G26-'Stock Prices'!F26)/'Stock Prices'!F26 -> -0.21359223 | G25: =('Stock Prices'!H26-'Stock Prices'!G26)/'Stock Prices'!G26 -> 0.1399177 | H25: =('Stock Prices'!I26-'Stock Prices'!H26)/'Stock Prices'!H26 -> -0.29963899 | I25: =('Stock Prices'!J26-'Stock Prices'!I26)/'Stock Prices'!I26 -> 0.21134021 | J25: =('Stock Prices'!K26-'Stock Prices'!J26)/'Stock Prices'!J26 -> -0.18723404 | K25: =('Stock Prices'!L26-'Stock Prices'!K26)/'Stock Prices'!K26 -> 0.18848168 | L25: =('Stock Prices'!M26-'Stock Prices'!L26)/'Stock Prices'!L26 -> -0.083700441 | ... N25: =('Stock Prices'!O26-'Stock Prices'!N26)/'Stock Prices'!N26 -> 0.46212121
A26: IG.MI | B26: Italgas | C26: Italy | D26: FTSE MIB | G26: =('Stock Prices'!H27-'Stock Prices'!G27)/'Stock Prices'!G27 -> 0.36096257 | H26: =('Stock Prices'!I27-'Stock Prices'!H27)/'Stock Prices'!H27 -> -0.017681729 | I26: =('Stock Prices'!J27-'Stock Prices'!I27)/'Stock Prices'!I27 -> 0.088 | J26: =('Stock Prices'!K27-'Stock Prices'!J27)/'Stock Prices'!J27 -> -0.044117647 | K26: =('Stock Prices'!L27-'Stock Prices'!K27)/'Stock Prices'!K27 -> 0.16346154 | L26: =('Stock Prices'!M27-'Stock Prices'!L27)/'Stock Prices'!L27 -> -0.14214876 | M26: =('Stock Prices'!N27-'Stock Prices'!M27)/'Stock Prices'!M27 -> -0.0019267823 | N26: =('Stock Prices'!O27-'Stock Prices'!N27)/'Stock Prices'!N27 -> 0.044401544
A27: IVG.MI | B27: Iveco | C27: Italy | D27: FTSE MIB | M27: =('Stock Prices'!N28-'Stock Prices'!M28)/'Stock Prices'!M28 -> 0.46582734 | N27: =('Stock Prices'!O28-'Stock Prices'!N28)/'Stock Prices'!N28 -> 0.14601227
A28: LDO.MI | B28: Leonardo | C28: Italy | D28: FTSE MIB | E28: =('Stock Prices'!F29-'Stock Prices'!E29)/'Stock Prices'!E29 -> 0.66666667 | F28: =('Stock Prices'!G29-'Stock Prices'!F29)/'Stock Prices'!F29 -> 0.034108527 | G28: =('Stock Prices'!H29-'Stock Prices'!G29)/'Stock Prices'!G29 -> -0.25637181 | H28: =('Stock Prices'!I29-'Stock Prices'!H29)/'Stock Prices'!H29 -> -0.22580645 | I28: =('Stock Prices'!J29-'Stock Prices'!I29)/'Stock Prices'!I29 -> 0.36067708 | J28: =('Stock Prices'!K29-'Stock Prices'!J29)/'Stock Prices'!J29 -> -0.43444976 | K28: =('Stock Prices'!L29-'Stock Prices'!K29)/'Stock Prices'!K29 -> 0.065989848 | L28: =('Stock Prices'!M29-'Stock Prices'!L29)/'Stock Prices'!L29 -> 0.27936508 | ... N28: =('Stock Prices'!O29-'Stock Prices'!N29)/'Stock Prices'!N29 -> 0.7356091
A29: MB.MI | B29: Mediobanca | C29: Italy | D29: FTSE MIB | E29: =('Stock Prices'!F30-'Stock Prices'!E30)/'Stock Prices'!E30 -> 0.31314623 | F29: =('Stock Prices'!G30-'Stock Prices'!F30)/'Stock Prices'!F30 -> -0.12710911 | G29: =('Stock Prices'!H30-'Stock Prices'!G30)/'Stock Prices'!G30 -> 0.21907216 | H29: =('Stock Prices'!I30-'Stock Prices'!H30)/'Stock Prices'!H30 -> -0.21987315 | I29: =('Stock Prices'!J30-'Stock Prices'!I30)/'Stock Prices'!I30 -> 0.32926829 | J29: =('Stock Prices'!K30-'Stock Prices'!J30)/'Stock Prices'!J30 -> -0.23139653 | K29: =('Stock Prices'!L30-'Stock Prices'!K30)/'Stock Prices'!K30 -> 0.34084881 | L29: =('Stock Prices'!M30-'Stock Prices'!L30)/'Stock Prices'!L30 -> -0.11177052 | ... N29: =('Stock Prices'!O30-'Stock Prices'!N30)/'Stock Prices'!N30 -> 0.25602141
A30: MONC.MI | B30: Moncler | C30: Italy | D30: FTSE MIB | E30: =('Stock Prices'!F31-'Stock Prices'!E31)/'Stock Prices'!E31 -> 0.1618705 | F30: =('Stock Prices'!G31-'Stock Prices'!F31)/'Stock Prices'!F31 -> 0.27941176 | G30: =('Stock Prices'!H31-'Stock Prices'!G31)/'Stock Prices'!G31 -> 0.57773745 | H30: =('Stock Prices'!I31-'Stock Prices'!H31)/'Stock Prices'!H31 -> 0.10927914 | I30: =('Stock Prices'!J31-'Stock Prices'!I31)/'Stock Prices'!I31 -> 0.3850674 | J30: =('Stock Prices'!K31-'Stock Prices'!J31)/'Stock Prices'!J31 -> 0.25131021 | K30: =('Stock Prices'!L31-'Stock Prices'!K31)/'Stock Prices'!K31 -> 0.27682489 | L30: =('Stock Prices'!M31-'Stock Prices'!L31)/'Stock Prices'!L31 -> -0.22680412 | ... N30: =('Stock Prices'!O31-'Stock Prices'!N31)/'Stock Prices'!N31 -> -0.084739677
A31: NEXI.MI | B31: Nexi | C31: Italy | D31: FTSE MIB | J31: =('Stock Prices'!K32-'Stock Prices'!J32)/'Stock Prices'!J32 -> 0.31987076 | K31: =('Stock Prices'!L32-'Stock Prices'!K32)/'Stock Prices'!K32 -> -0.14381885 | L31: =('Stock Prices'!M32-'Stock Prices'!L32)/'Stock Prices'!L32 -> -0.47348106 | M31: =('Stock Prices'!N32-'Stock Prices'!M32)/'Stock Prices'!M32 -> 0.0059733913 | N31: =('Stock Prices'!O32-'Stock Prices'!N32)/'Stock Prices'!N32 -> -0.27665317
A32: PIRC.MI | B32: Pirelli | C32: Italy | D32: FTSE MIB | H32: =('Stock Prices'!I33-'Stock Prices'!H33)/'Stock Prices'!H33 -> -0.2262069 | I32: =('Stock Prices'!J33-'Stock Prices'!I33)/'Stock Prices'!I33 -> -0.083778966 | J32: =('Stock Prices'!K33-'Stock Prices'!J33)/'Stock Prices'!J33 -> -0.1381323 | K32: =('Stock Prices'!L33-'Stock Prices'!K33)/'Stock Prices'!K33 -> 0.37923251 | L32: =('Stock Prices'!M33-'Stock Prices'!L33)/'Stock Prices'!L33 -> -0.34533552 | M32: =('Stock Prices'!N33-'Stock Prices'!M33)/'Stock Prices'!M33 -> 0.2325 | N32: =('Stock Prices'!O33-'Stock Prices'!N33)/'Stock Prices'!N33 -> 0.10953347
A33: PST.MI | B33: Poste Italiane | C33: Italy | D33: FTSE MIB | F33: =('Stock Prices'!G34-'Stock Prices'!F34)/'Stock Prices'!F34 -> -0.11126761 | G33: =('Stock Prices'!H34-'Stock Prices'!G34)/'Stock Prices'!G34 -> -0.0047543582 | H33: =('Stock Prices'!I34-'Stock Prices'!H34)/'Stock Prices'!H34 -> 0.11146497 | I33: =('Stock Prices'!J34-'Stock Prices'!I34)/'Stock Prices'!I34 -> 0.44985673 | J33: =('Stock Prices'!K34-'Stock Prices'!J34)/'Stock Prices'!J34 -> -0.17786561 | K33: =('Stock Prices'!L34-'Stock Prices'!K34)/'Stock Prices'!K34 -> 0.38701923 | L33: =('Stock Prices'!M34-'Stock Prices'!L34)/'Stock Prices'!L34 -> -0.20883882 | M33: =('Stock Prices'!N34-'Stock Prices'!M34)/'Stock Prices'!M34 -> 0.12595838 | N33: =('Stock Prices'!O34-'Stock Prices'!N34)/'Stock Prices'!N34 -> 0.32490272
A34: PRY.MI | B34: Prysmian Group | C34: Italy | D34: FTSE MIB | E34: =('Stock Prices'!F35-'Stock Prices'!E35)/'Stock Prices'!E35 -> 0.33720137 | F34: =('Stock Prices'!G35-'Stock Prices'!F35)/'Stock Prices'!F35 -> 0.20418581 | G34: =('Stock Prices'!H35-'Stock Prices'!G35)/'Stock Prices'!G35 -> 0.11445528 | H34: =('Stock Prices'!I35-'Stock Prices'!H35)/'Stock Prices'!H35 -> -0.35831114 | I34: =('Stock Prices'!J35-'Stock Prices'!I35)/'Stock Prices'!I35 -> 0.27385892 | J34: =('Stock Prices'!K35-'Stock Prices'!J35)/'Stock Prices'!J35 -> 0.35318753 | K34: =('Stock Prices'!L35-'Stock Prices'!K35)/'Stock Prices'!K35 -> 0.13858322 | L34: =('Stock Prices'!M35-'Stock Prices'!L35)/'Stock Prices'!L35 -> 0.046813651 | ... N34: =('Stock Prices'!O35-'Stock Prices'!N35)/'Stock Prices'!N35 -> 0.49769249
A35: SPM.MI | B35: Saipem | C35: Italy | D35: FTSE MIB | E35: =('Stock Prices'!F36-'Stock Prices'!E36)/'Stock Prices'!E36 -> -0.14548736 | F35: =('Stock Prices'!G36-'Stock Prices'!F36)/'Stock Prices'!F36 -> -0.43261512 | G35: =('Stock Prices'!H36-'Stock Prices'!G36)/'Stock Prices'!G36 -> -0.28890544 | H35: =('Stock Prices'!I36-'Stock Prices'!H36)/'Stock Prices'!H36 -> -0.14136126 | I35: =('Stock Prices'!J36-'Stock Prices'!I36)/'Stock Prices'!I36 -> 0.33292683 | J35: =('Stock Prices'!K36-'Stock Prices'!J36)/'Stock Prices'!J36 -> -0.49405306 | K35: =('Stock Prices'!L36-'Stock Prices'!K36)/'Stock Prices'!K36 -> -0.16274864 | L35: =('Stock Prices'!M36-'Stock Prices'!L36)/'Stock Prices'!L36 -> -0.75593952 | ... N35: =('Stock Prices'!O36-'Stock Prices'!N36)/'Stock Prices'!N36 -> 0.70748299
A36: SRG.MI | B36: Snam | C36: Italy | D36: FTSE MIB | E36: =('Stock Prices'!F37-'Stock Prices'!E37)/'Stock Prices'!E37 -> 0.17732558 | F36: =('Stock Prices'!G37-'Stock Prices'!F37)/'Stock Prices'!F37 -> -0.034567901 | G36: =('Stock Prices'!H37-'Stock Prices'!G37)/'Stock Prices'!G37 -> 0.043478261 | H36: =('Stock Prices'!I37-'Stock Prices'!H37)/'Stock Prices'!H37 -> -0.06372549 | I36: =('Stock Prices'!J37-'Stock Prices'!I37)/'Stock Prices'!I37 -> 0.22774869 | J36: =('Stock Prices'!K37-'Stock Prices'!J37)/'Stock Prices'!J37 -> -0.019189765 | K36: =('Stock Prices'!L37-'Stock Prices'!K37)/'Stock Prices'!K37 -> 0.15217391 | L36: =('Stock Prices'!M37-'Stock Prices'!L37)/'Stock Prices'!L37 -> -0.14528302 | ... N36: =('Stock Prices'!O37-'Stock Prices'!N37)/'Stock Prices'!N37 -> -0.081545064
A37: STLAM.MI | B37: Stellantis | C37: Italy | D37: FTSE MIB | E37: =('Stock Prices'!F38-'Stock Prices'!E38)/'Stock Prices'!E38 -> 0.34603175 | F37: =('Stock Prices'!G38-'Stock Prices'!F38)/'Stock Prices'!F38 -> 0.021226415 | G37: =('Stock Prices'!H38-'Stock Prices'!G38)/'Stock Prices'!G38 -> 0.72170901 | H37: =('Stock Prices'!I38-'Stock Prices'!H38)/'Stock Prices'!H38 -> -0.14956405 | I37: =('Stock Prices'!J38-'Stock Prices'!I38)/'Stock Prices'!I38 -> 0.04022082 | J37: =('Stock Prices'!K38-'Stock Prices'!J38)/'Stock Prices'!J38 -> 0.11144807 | K37: =('Stock Prices'!L38-'Stock Prices'!K38)/'Stock Prices'!K38 -> 0.13847203 | L37: =('Stock Prices'!M38-'Stock Prices'!L38)/'Stock Prices'!L38 -> -0.20551228 | ... N37: =('Stock Prices'!O38-'Stock Prices'!N38)/'Stock Prices'!N38 -> -0.40472813
A38: STMMI.MI | B38: STMicroelectronics | C38: Italy | D38: FTSE MIB | E38: =('Stock Prices'!F39-'Stock Prices'!E39)/'Stock Prices'!E39 -> 0.011290323 | F38: =('Stock Prices'!G39-'Stock Prices'!F39)/'Stock Prices'!F39 -> 0.72248804 | G38: =('Stock Prices'!H39-'Stock Prices'!G39)/'Stock Prices'!G39 -> 0.68518519 | H38: =('Stock Prices'!I39-'Stock Prices'!H39)/'Stock Prices'!H39 -> -0.32802198 | I38: =('Stock Prices'!J39-'Stock Prices'!I39)/'Stock Prices'!I39 -> 0.95993459 | J38: =('Stock Prices'!K39-'Stock Prices'!J39)/'Stock Prices'!J39 -> 0.2745098 | K38: =('Stock Prices'!L39-'Stock Prices'!K39)/'Stock Prices'!K39 -> 0.43240589 | L38: =('Stock Prices'!M39-'Stock Prices'!L39)/'Stock Prices'!L39 -> -0.24565814 | ... N38: =('Stock Prices'!O39-'Stock Prices'!N39)/'Stock Prices'!N39 -> -0.4689228
A39: TEN.MI | B39: Tenaris | C39: Italy | D39: FTSE MIB | E39: =('Stock Prices'!F40-'Stock Prices'!E40)/'Stock Prices'!E40 -> -0.12199037 | F39: =('Stock Prices'!G40-'Stock Prices'!F40)/'Stock Prices'!F40 -> 0.5511883 | G39: =('Stock Prices'!H40-'Stock Prices'!G40)/'Stock Prices'!G40 -> -0.22451385 | H39: =('Stock Prices'!I40-'Stock Prices'!H40)/'Stock Prices'!H40 -> -0.28267477 | I39: =('Stock Prices'!J40-'Stock Prices'!I40)/'Stock Prices'!I40 -> 0.064618644 | J39: =('Stock Prices'!K40-'Stock Prices'!J40)/'Stock Prices'!J40 -> -0.34129353 | K39: =('Stock Prices'!L40-'Stock Prices'!K40)/'Stock Prices'!K40 -> 0.39123867 | L39: =('Stock Prices'!M40-'Stock Prices'!L40)/'Stock Prices'!L40 -> 0.76872964 | ... N39: =('Stock Prices'!O40-'Stock Prices'!N40)/'Stock Prices'!N40 -> 0.14730159
A40: TRN.MI | B40: Terna | C40: Italy | D40: FTSE MIB | E40: =('Stock Prices'!F41-'Stock Prices'!E41)/'Stock Prices'!E41 -> 0.26595745 | F40: =('Stock Prices'!G41-'Stock Prices'!F41)/'Stock Prices'!F41 -> -0.086134454 | G40: =('Stock Prices'!H41-'Stock Prices'!G41)/'Stock Prices'!G41 -> 0.11264368 | H40: =('Stock Prices'!I41-'Stock Prices'!H41)/'Stock Prices'!H41 -> 0.022727273 | I40: =('Stock Prices'!J41-'Stock Prices'!I41)/'Stock Prices'!I41 -> 0.2020202 | J40: =('Stock Prices'!K41-'Stock Prices'!J41)/'Stock Prices'!J41 -> 0.050420168 | K40: =('Stock Prices'!L41-'Stock Prices'!K41)/'Stock Prices'!K41 -> 0.1376 | L40: =('Stock Prices'!M41-'Stock Prices'!L41)/'Stock Prices'!L41 -> -0.029535865 | ... N40: =('Stock Prices'!O41-'Stock Prices'!N41)/'Stock Prices'!N41 -> 0.0092715232
A41: UCG.MI | B41: UniCredit | C41: Italy | D41: FTSE MIB | E41: =('Stock Prices'!F42-'Stock Prices'!E42)/'Stock Prices'!E42 -> -0.037411149 | F41: =('Stock Prices'!G42-'Stock Prices'!F42)/'Stock Prices'!F42 -> -0.46754761 | G41: =('Stock Prices'!H42-'Stock Prices'!G42)/'Stock Prices'!G42 -> 0.13722628 | H41: =('Stock Prices'!I42-'Stock Prices'!H42)/'Stock Prices'!H42 -> -0.36521181 | I41: =('Stock Prices'!J42-'Stock Prices'!I42)/'Stock Prices'!I42 -> 0.31648129 | J41: =('Stock Prices'!K42-'Stock Prices'!J42)/'Stock Prices'!J42 -> -0.4124424 | K41: =('Stock Prices'!L42-'Stock Prices'!K42)/'Stock Prices'!K42 -> 0.76993464 | L41: =('Stock Prices'!M42-'Stock Prices'!L42)/'Stock Prices'!L42 -> -0.019940916 | ... N41: =('Stock Prices'!O42-'Stock Prices'!N42)/'Stock Prices'!N42 -> 0.56817257
A42: UNI.MI | B42: Unipol | C42: Italy | D42: FTSE MIB | E42: =('Stock Prices'!F43-'Stock Prices'!E43)/'Stock Prices'!E43 -> 0.15631068 | F42: =('Stock Prices'!G43-'Stock Prices'!F43)/'Stock Prices'!F43 -> -0.28127624 | G42: =('Stock Prices'!H43-'Stock Prices'!G43)/'Stock Prices'!G43 -> 0.14193925 | H42: =('Stock Prices'!I43-'Stock Prices'!H43)/'Stock Prices'!H43 -> -0.10025575 | I42: =('Stock Prices'!J43-'Stock Prices'!I43)/'Stock Prices'!I43 -> 0.45309835 | J42: =('Stock Prices'!K43-'Stock Prices'!J43)/'Stock Prices'!J43 -> -0.23513302 | K42: =('Stock Prices'!L43-'Stock Prices'!K43)/'Stock Prices'!K43 -> 0.22225064 | L42: =('Stock Prices'!M43-'Stock Prices'!L43)/'Stock Prices'!L43 -> -0.046243984 | ... N42: =('Stock Prices'!O43-'Stock Prices'!N43)/'Stock Prices'!N43 -> 1.3313953
A43: DAX 40
A44: ADS.DE | B44: Adidas | C44: Germany | D44: DAX 40 | E44: =('Stock Prices'!F45-'Stock Prices'!E45)/'Stock Prices'!E45 -> 0.5603957 | F44: =('Stock Prices'!G45-'Stock Prices'!F45)/'Stock Prices'!F45 -> 0.67000334 | G44: =('Stock Prices'!H45-'Stock Prices'!G45)/'Stock Prices'!G45 -> 0.11322011 | H44: =('Stock Prices'!I45-'Stock Prices'!H45)/'Stock Prices'!H45 -> 0.091235417 | I44: =('Stock Prices'!J45-'Stock Prices'!I45)/'Stock Prices'!I45 -> 0.58881579 | J44: =('Stock Prices'!K45-'Stock Prices'!J45)/'Stock Prices'!J45 -> 0.027950311 | K44: =('Stock Prices'!L45-'Stock Prices'!K45)/'Stock Prices'!K45 -> -0.15005035 | L44: =('Stock Prices'!M45-'Stock Prices'!L45)/'Stock Prices'!L45 -> -0.49660348 | ... N44: =('Stock Prices'!O45-'Stock Prices'!N45)/'Stock Prices'!N45 -> 0.2858384
A45: AIR.DE | B45: Airbus | C45: Germany | D45: DAX 40 | E45: =('Stock Prices'!F46-'Stock Prices'!E46)/'Stock Prices'!E46 -> 0.52676399 | F45: =('Stock Prices'!G46-'Stock Prices'!F46)/'Stock Prices'!F46 -> -0.0006374502 | G45: =('Stock Prices'!H46-'Stock Prices'!G46)/'Stock Prices'!G46 -> 0.33423696 | H45: =('Stock Prices'!I46-'Stock Prices'!H46)/'Stock Prices'!H46 -> -0.0019122744 | I45: =('Stock Prices'!J46-'Stock Prices'!I46)/'Stock Prices'!I46 -> 0.58232547 | J45: =('Stock Prices'!K46-'Stock Prices'!J46)/'Stock Prices'!J46 -> -0.30891479 | K45: =('Stock Prices'!L46-'Stock Prices'!K46)/'Stock Prices'!K46 -> 0.22339028 | L45: =('Stock Prices'!M46-'Stock Prices'!L46)/'Stock Prices'!L46 -> -0.0030433226 | ... N45: =('Stock Prices'!O46-'Stock Prices'!N46)/'Stock Prices'!N46 -> 0.10265563
A46: ALV.DE | B46: Allianz | C46: Germany | D46: DAX 40 | E46: =('Stock Prices'!F47-'Stock Prices'!E47)/'Stock Prices'!E47 -> 0.19075355 | F46: =('Stock Prices'!G47-'Stock Prices'!F47)/'Stock Prices'!F47 -> -0.040048915 | G46: =('Stock Prices'!H47-'Stock Prices'!G47)/'Stock Prices'!G47 -> 0.21974522 | H46: =('Stock Prices'!I47-'Stock Prices'!H47)/'Stock Prices'!H47 -> -0.085430809 | I46: =('Stock Prices'!J47-'Stock Prices'!I47)/'Stock Prices'!I47 -> 0.2470024 | J46: =('Stock Prices'!K47-'Stock Prices'!J47)/'Stock Prices'!J47 -> -0.081043956 | K46: =('Stock Prices'!L47-'Stock Prices'!K47)/'Stock Prices'!K47 -> 0.034628799 | L46: =('Stock Prices'!M47-'Stock Prices'!L47)/'Stock Prices'!L47 -> -0.032506622 | ... N46: =('Stock Prices'!O47-'Stock Prices'!N47)/'Stock Prices'!N47 -> 0.22297995
A47: BAS.DE | B47: BASF | C47: Germany | D47: DAX 40 | E47: =('Stock Prices'!F48-'Stock Prices'!E48)/'Stock Prices'!E48 -> 0.012020607 | F47: =('Stock Prices'!G48-'Stock Prices'!F48)/'Stock Prices'!F48 -> 0.24872738 | G47: =('Stock Prices'!H48-'Stock Prices'!G48)/'Stock Prices'!G48 -> 0.038840448 | H47: =('Stock Prices'!I48-'Stock Prices'!H48)/'Stock Prices'!H48 -> -0.34161761 | I47: =('Stock Prices'!J48-'Stock Prices'!I48)/'Stock Prices'!I48 -> 0.11506623 | J47: =('Stock Prices'!K48-'Stock Prices'!J48)/'Stock Prices'!J48 -> -0.03904974 | K47: =('Stock Prices'!L48-'Stock Prices'!K48)/'Stock Prices'!K48 -> -0.045426452 | L47: =('Stock Prices'!M48-'Stock Prices'!L48)/'Stock Prices'!L48 -> -0.24910974 | ... N47: =('Stock Prices'!O48-'Stock Prices'!N48)/'Stock Prices'!N48 -> -0.1295613
A48: BMW.DE | B48: BMW | C48: Germany | D48: DAX 40 | E48: =('Stock Prices'!F49-'Stock Prices'!E49)/'Stock Prices'!E49 -> 0.08755709 | F48: =('Stock Prices'!G49-'Stock Prices'!F49)/'Stock Prices'!F49 -> -0.090955649 | G48: =('Stock Prices'!H49-'Stock Prices'!G49)/'Stock Prices'!G49 -> -0.021633803 | H48: =('Stock Prices'!I49-'Stock Prices'!H49)/'Stock Prices'!H49 -> -0.18576529 | I48: =('Stock Prices'!J49-'Stock Prices'!I49)/'Stock Prices'!I49 -> 0.034512023 | J48: =('Stock Prices'!K49-'Stock Prices'!J49)/'Stock Prices'!J49 -> -0.012441892 | K48: =('Stock Prices'!L49-'Stock Prices'!K49)/'Stock Prices'!K49 -> 0.22511422 | L48: =('Stock Prices'!M49-'Stock Prices'!L49)/'Stock Prices'!L49 -> -0.057746638 | ... N48: =('Stock Prices'!O49-'Stock Prices'!N49)/'Stock Prices'!N49 -> -0.21631276
A49: BAYN.DE | B49: Bayer | C49: Germany | D49: DAX 40 | E49: =('Stock Prices'!F50-'Stock Prices'!E50)/'Stock Prices'!E50 -> 0.024820144 | F49: =('Stock Prices'!G50-'Stock Prices'!F50)/'Stock Prices'!F50 -> -0.14399789 | G49: =('Stock Prices'!H50-'Stock Prices'!G50)/'Stock Prices'!G50 -> 0.049205536 | H49: =('Stock Prices'!I50-'Stock Prices'!H50)/'Stock Prices'!H50 -> -0.40830484 | I49: =('Stock Prices'!J50-'Stock Prices'!I50)/'Stock Prices'!I50 -> 0.20227873 | J49: =('Stock Prices'!K50-'Stock Prices'!J50)/'Stock Prices'!J50 -> -0.33868974 | K49: =('Stock Prices'!L50-'Stock Prices'!K50)/'Stock Prices'!K50 -> -0.023883697 | L49: =('Stock Prices'!M50-'Stock Prices'!L50)/'Stock Prices'!L50 -> 0.028297872 | ... N49: =('Stock Prices'!O50-'Stock Prices'!N50)/'Stock Prices'!N50 -> -0.42581029
A50: BEI.DE | B50: Beiersdorf | C50: Germany | D50: DAX 40 | E50: =('Stock Prices'!F51-'Stock Prices'!E51)/'Stock Prices'!E51 -> 0.24829427 | F50: =('Stock Prices'!G51-'Stock Prices'!F51)/'Stock Prices'!F51 -> -0.04230038 | G50: =('Stock Prices'!H51-'Stock Prices'!G51)/'Stock Prices'!G51 -> 0.2146402 | H50: =('Stock Prices'!I51-'Stock Prices'!H51)/'Stock Prices'!H51 -> -0.068845761 | I50: =('Stock Prices'!J51-'Stock Prices'!I51)/'Stock Prices'!I51 -> 0.16992102 | J50: =('Stock Prices'!K51-'Stock Prices'!J51)/'Stock Prices'!J51 -> -0.11448664 | K50: =('Stock Prices'!L51-'Stock Prices'!K51)/'Stock Prices'!K51 -> -0.042990258 | L50: =('Stock Prices'!M51-'Stock Prices'!L51)/'Stock Prices'!L51 -> 0.18610312 | ... N50: =('Stock Prices'!O51-'Stock Prices'!N51)/'Stock Prices'!N51 -> -0.086219602
A51: BNR.DE | B51: Brenntag | C51: Germany | D51: DAX 40 | E51: =('Stock Prices'!F52-'Stock Prices'!E52)/'Stock Prices'!E52 -> 0.038056332 | F51: =('Stock Prices'!G52-'Stock Prices'!F52)/'Stock Prices'!F52 -> 0.093620547 | G51: =('Stock Prices'!H52-'Stock Prices'!G52)/'Stock Prices'!G52 -> -0.00056818182 | H51: =('Stock Prices'!I52-'Stock Prices'!H52)/'Stock Prices'!H52 -> -0.28557893 | I51: =('Stock Prices'!J52-'Stock Prices'!I52)/'Stock Prices'!I52 -> 0.28594164 | J51: =('Stock Prices'!K52-'Stock Prices'!J52)/'Stock Prices'!J52 -> 0.30651815 | K51: =('Stock Prices'!L52-'Stock Prices'!K52)/'Stock Prices'!K52 -> 0.25639406 | L51: =('Stock Prices'!M52-'Stock Prices'!L52)/'Stock Prices'!L52 -> -0.24956019 | ... N51: =('Stock Prices'!O52-'Stock Prices'!N52)/'Stock Prices'!N52 -> -0.30449411
A52: CBK.DE | B52: Commerzbank | C52: Germany | D52: DAX 40 | E52: =('Stock Prices'!F53-'Stock Prices'!E53)/'Stock Prices'!E53 -> -0.1284153 | F52: =('Stock Prices'!G53-'Stock Prices'!F53)/'Stock Prices'!F53 -> -0.24242424 | G52: =('Stock Prices'!H53-'Stock Prices'!G53)/'Stock Prices'!G53 -> 0.72551724 | H52: =('Stock Prices'!I53-'Stock Prices'!H53)/'Stock Prices'!H53 -> -0.53796962 | I52: =('Stock Prices'!J53-'Stock Prices'!I53)/'Stock Prices'!I53 -> -0.044982699 | J52: =('Stock Prices'!K53-'Stock Prices'!J53)/'Stock Prices'!J53 -> -0.045289855 | K52: =('Stock Prices'!L53-'Stock Prices'!K53)/'Stock Prices'!K53 -> 0.26944972 | L52: =('Stock Prices'!M53-'Stock Prices'!L53)/'Stock Prices'!L53 -> 0.32137519 | ... N52: =('Stock Prices'!O53-'Stock Prices'!N53)/'Stock Prices'!N53 -> 0.46189591
A53: CON.DE | B53: Continental | C53: Germany | D53: DAX 40 | E53: =('Stock Prices'!F54-'Stock Prices'!E54)/'Stock Prices'!E54 -> 0.27916213 | F53: =('Stock Prices'!G54-'Stock Prices'!F54)/'Stock Prices'!F54 -> -0.18193199 | G53: =('Stock Prices'!H54-'Stock Prices'!G54)/'Stock Prices'!G54 -> 0.2250857 | H53: =('Stock Prices'!I54-'Stock Prices'!H54)/'Stock Prices'!H54 -> -0.46344876 | I53: =('Stock Prices'!J54-'Stock Prices'!I54)/'Stock Prices'!I54 -> -0.045446079 | J53: =('Stock Prices'!K54-'Stock Prices'!J54)/'Stock Prices'!J54 -> 0.051902439 | K53: =('Stock Prices'!L54-'Stock Prices'!K54)/'Stock Prices'!K54 -> -0.13643109 | L53: =('Stock Prices'!M54-'Stock Prices'!L54)/'Stock Prices'!L54 -> -0.39877564 | ... N53: =('Stock Prices'!O54-'Stock Prices'!N54)/'Stock Prices'!N54 -> -0.15730629
A54: 1COV.DE | B54: Covestro | C54: Germany | D54: DAX 40 | F54: =('Stock Prices'!G55-'Stock Prices'!F55)/'Stock Prices'!F55 -> 0.93815046 | G54: =('Stock Prices'!H55-'Stock Prices'!G55)/'Stock Prices'!G55 -> 0.3198834 | H54: =('Stock Prices'!I55-'Stock Prices'!H55)/'Stock Prices'!H55 -> -0.49808206 | I54: =('Stock Prices'!J55-'Stock Prices'!I55)/'Stock Prices'!I55 -> -0.040064845 | J54: =('Stock Prices'!K55-'Stock Prices'!J55)/'Stock Prices'!J55 -> 0.21785283 | K54: =('Stock Prices'!L55-'Stock Prices'!K55)/'Stock Prices'!K55 -> 0.073692552 | L54: =('Stock Prices'!M55-'Stock Prices'!L55)/'Stock Prices'!L55 -> -0.32564576 | M54: =('Stock Prices'!N55-'Stock Prices'!M55)/'Stock Prices'!M55 -> 0.44131327 | N54: =('Stock Prices'!O55-'Stock Prices'!N55)/'Stock Prices'!N55 -> 0.066059226
A55: DTG.DE | B55: Daimler Truck | C55: Germany | D55: DAX 40 | L55: =('Stock Prices'!M56-'Stock Prices'!L56)/'Stock Prices'!L56 -> -0.1034376 | M55: =('Stock Prices'!N56-'Stock Prices'!M56)/'Stock Prices'!M56 -> 0.17512953 | N55: =('Stock Prices'!O56-'Stock Prices'!N56)/'Stock Prices'!N56 -> 0.083186361
A56: DBK.DE | B56: Deutsche Bank | C56: Germany | D56: DAX 40 | E56: =('Stock Prices'!F57-'Stock Prices'!E57)/'Stock Prices'!E57 -> -0.098162259 | F56: =('Stock Prices'!G57-'Stock Prices'!F57)/'Stock Prices'!F57 -> -0.23409543 | G56: =('Stock Prices'!H57-'Stock Prices'!G57)/'Stock Prices'!G57 -> 0.030499676 | H56: =('Stock Prices'!I57-'Stock Prices'!H57)/'Stock Prices'!H57 -> -0.56108312 | I56: =('Stock Prices'!J57-'Stock Prices'!I57)/'Stock Prices'!I57 -> -0.0071736011 | J56: =('Stock Prices'!K57-'Stock Prices'!J57)/'Stock Prices'!J57 -> 0.2933526 | K56: =('Stock Prices'!L57-'Stock Prices'!K57)/'Stock Prices'!K57 -> 0.23128492 | L56: =('Stock Prices'!M57-'Stock Prices'!L57)/'Stock Prices'!L57 -> -0.039019964 | ... N56: =('Stock Prices'!O57-'Stock Prices'!N57)/'Stock Prices'!N57 -> 0.34627832
A57: DB1.DE | B57: Deutsche Boerse | C57: Germany | D57: DAX 40 | E57: =('Stock Prices'!F58-'Stock Prices'!E58)/'Stock Prices'!E58 -> 0.37436677 | F57: =('Stock Prices'!G58-'Stock Prices'!F58)/'Stock Prices'!F58 -> -0.061064013 | G57: =('Stock Prices'!H58-'Stock Prices'!G58)/'Stock Prices'!G58 -> 0.26668411 | H57: =('Stock Prices'!I58-'Stock Prices'!H58)/'Stock Prices'!H58 -> 0.084194215 | I57: =('Stock Prices'!J58-'Stock Prices'!I58)/'Stock Prices'!I58 -> 0.33539781 | J57: =('Stock Prices'!K58-'Stock Prices'!J58)/'Stock Prices'!J58 -> -0.006421691 | K57: =('Stock Prices'!L58-'Stock Prices'!K58)/'Stock Prices'!K58 -> 0.056373429 | L57: =('Stock Prices'!M58-'Stock Prices'!L58)/'Stock Prices'!L58 -> 0.09721278 | ... N57: =('Stock Prices'!O58-'Stock Prices'!N58)/'Stock Prices'!N58 -> 0.1924933
A58: DHL.DE | B58: Deutsche Post (DHL) | C58: Germany | D58: DAX 40 | E58: =('Stock Prices'!F59-'Stock Prices'!E59)/'Stock Prices'!E59 -> -0.040295749 | F58: =('Stock Prices'!G59-'Stock Prices'!F59)/'Stock Prices'!F59 -> 0.20338983 | G58: =('Stock Prices'!H59-'Stock Prices'!G59)/'Stock Prices'!G59 -> 0.27240717 | H58: =('Stock Prices'!I59-'Stock Prices'!H59)/'Stock Prices'!H59 -> -0.39849057 | I58: =('Stock Prices'!J59-'Stock Prices'!I59)/'Stock Prices'!I59 -> 0.4224174 | J58: =('Stock Prices'!K59-'Stock Prices'!J59)/'Stock Prices'!J59 -> 0.19082623 | K58: =('Stock Prices'!L59-'Stock Prices'!K59)/'Stock Prices'!K59 -> 0.39604938 | L58: =('Stock Prices'!M59-'Stock Prices'!L59)/'Stock Prices'!L59 -> -0.37778564 | ... N58: =('Stock Prices'!O59-'Stock Prices'!N59)/'Stock Prices'!N59 -> -0.24253232
A59: P911.DE | B59: Porsche AG | C59: Germany | D59: DAX 40 | M59: =('Stock Prices'!N60-'Stock Prices'!M60)/'Stock Prices'!M60 -> -0.15672823 | N59: =('Stock Prices'!O60-'Stock Prices'!N60)/'Stock Prices'!N60 -> -0.26883605
A60: DTE.DE | B60: Deutsche Telekom | C60: Germany | D60: DAX 40 | E60: =('Stock Prices'!F61-'Stock Prices'!E61)/'Stock Prices'!E61 -> 0.25962264 | F60: =('Stock Prices'!G61-'Stock Prices'!F61)/'Stock Prices'!F61 -> -0.019772319 | G60: =('Stock Prices'!H61-'Stock Prices'!G61)/'Stock Prices'!G61 -> -0.095354523 | H60: =('Stock Prices'!I61-'Stock Prices'!H61)/'Stock Prices'!H61 -> 0.0013513514 | I60: =('Stock Prices'!J61-'Stock Prices'!I61)/'Stock Prices'!I61 -> -0.016869096 | J60: =('Stock Prices'!K61-'Stock Prices'!J61)/'Stock Prices'!J61 -> 0.02676733 | K60: =('Stock Prices'!L61-'Stock Prices'!K61)/'Stock Prices'!K61 -> 0.089572193 | L60: =('Stock Prices'!M61-'Stock Prices'!L61)/'Stock Prices'!L61 -> 0.14355828 | ... N60: =('Stock Prices'!O61-'Stock Prices'!N61)/'Stock Prices'!N61 -> 0.32827586
A61: EOAN.DE | B61: E.ON | C61: Germany | D61: DAX 40 | E61: =('Stock Prices'!F62-'Stock Prices'!E62)/'Stock Prices'!E62 -> -0.37135922 | F61: =('Stock Prices'!G62-'Stock Prices'!F62)/'Stock Prices'!F62 -> -0.13770914 | G61: =('Stock Prices'!H62-'Stock Prices'!G62)/'Stock Prices'!G62 -> 0.35223881 | H61: =('Stock Prices'!I62-'Stock Prices'!H62)/'Stock Prices'!H62 -> -0.047461369 | I61: =('Stock Prices'!J62-'Stock Prices'!I62)/'Stock Prices'!I62 -> 0.10312862 | J61: =('Stock Prices'!K62-'Stock Prices'!J62)/'Stock Prices'!J62 -> -0.048319328 | K61: =('Stock Prices'!L62-'Stock Prices'!K62)/'Stock Prices'!K62 -> 0.34547461 | L61: =('Stock Prices'!M62-'Stock Prices'!L62)/'Stock Prices'!L62 -> -0.23461854 | ... N61: =('Stock Prices'!O62-'Stock Prices'!N62)/'Stock Prices'!N62 -> -0.074074074
A62: FRE.DE | B62: Fresenius | C62: Germany | D62: DAX 40 | E62: =('Stock Prices'!F63-'Stock Prices'!E63)/'Stock Prices'!E63 -> 0.52849861 | F62: =('Stock Prices'!G63-'Stock Prices'!F63)/'Stock Prices'!F63 -> 0.12566318 | G62: =('Stock Prices'!H63-'Stock Prices'!G63)/'Stock Prices'!G63 -> -0.12375438 | H62: =('Stock Prices'!I63-'Stock Prices'!H63)/'Stock Prices'!H63 -> -0.3487014 | I62: =('Stock Prices'!J63-'Stock Prices'!I63)/'Stock Prices'!I63 -> 0.18404908 | J62: =('Stock Prices'!K63-'Stock Prices'!J63)/'Stock Prices'!J63 -> -0.24591471 | K62: =('Stock Prices'!L63-'Stock Prices'!K63)/'Stock Prices'!K63 -> -0.06448203 | L62: =('Stock Prices'!M63-'Stock Prices'!L63)/'Stock Prices'!L63 -> -0.25847458 | ... N62: =('Stock Prices'!O63-'Stock Prices'!N63)/'Stock Prices'!N63 -> 0.19486997
A63: HNR1.DE | B63: Hannover Rueck | C63: Germany | D63: DAX 40 | E63: =('Stock Prices'!F64-'Stock Prices'!E64)/'Stock Prices'!E64 -> 0.40923036 | F63: =('Stock Prices'!G64-'Stock Prices'!F64)/'Stock Prices'!F64 -> -0.026975864 | G63: =('Stock Prices'!H64-'Stock Prices'!G64)/'Stock Prices'!G64 -> 0.020428016 | H63: =('Stock Prices'!I64-'Stock Prices'!H64)/'Stock Prices'!H64 -> 0.12202097 | I63: =('Stock Prices'!J64-'Stock Prices'!I64)/'Stock Prices'!I64 -> 0.46389125 | J63: =('Stock Prices'!K64-'Stock Prices'!J64)/'Stock Prices'!J64 -> -0.24376088 | K63: =('Stock Prices'!L64-'Stock Prices'!K64)/'Stock Prices'!K64 -> 0.2828089 | L63: =('Stock Prices'!M64-'Stock Prices'!L64)/'Stock Prices'!L64 -> 0.10978163 | ... N63: =('Stock Prices'!O64-'Stock Prices'!N64)/'Stock Prices'!N64 -> 0.11604253
A64: HEI.DE | B64: Heidelberg Materials | C64: Germany | D64: DAX 40 | E64: =('Stock Prices'!F65-'Stock Prices'!E65)/'Stock Prices'!E65 -> 0.28583574 | F64: =('Stock Prices'!G65-'Stock Prices'!F65)/'Stock Prices'!F65 -> 0.17204443 | G64: =('Stock Prices'!H65-'Stock Prices'!G65)/'Stock Prices'!G65 -> 0.018278235 | H64: =('Stock Prices'!I65-'Stock Prices'!H65)/'Stock Prices'!H65 -> -0.40853186 | I64: =('Stock Prices'!J65-'Stock Prices'!I65)/'Stock Prices'!I65 -> 0.21693518 | J64: =('Stock Prices'!K65-'Stock Prices'!J65)/'Stock Prices'!J65 -> -0.057573892 | K64: =('Stock Prices'!L65-'Stock Prices'!K65)/'Stock Prices'!K65 -> -0.027768703 | L64: =('Stock Prices'!M65-'Stock Prices'!L65)/'Stock Prices'!L65 -> -0.10483871 | ... N64: =('Stock Prices'!O65-'Stock Prices'!N65)/'Stock Prices'!N65 -> 0.47393131
A65: HEN3.DE | B65: Henkel | C65: Germany | D65: DAX 40 | E65: =('Stock Prices'!F66-'Stock Prices'!E66)/'Stock Prices'!E66 -> 0.15410423 | F65: =('Stock Prices'!G66-'Stock Prices'!F66)/'Stock Prices'!F66 -> 0.097383721 | G65: =('Stock Prices'!H66-'Stock Prices'!G66)/'Stock Prices'!G66 -> -0.025607064 | H65: =('Stock Prices'!I66-'Stock Prices'!H66)/'Stock Prices'!H66 -> -0.13547802 | I65: =('Stock Prices'!J66-'Stock Prices'!I66)/'Stock Prices'!I66 -> -0.033542977 | J65: =('Stock Prices'!K66-'Stock Prices'!J66)/'Stock Prices'!J66 -> 0.0010845987 | K65: =('Stock Prices'!L66-'Stock Prices'!K66)/'Stock Prices'!K66 -> -0.22925244 | L65: =('Stock Prices'!M66-'Stock Prices'!L66)/'Stock Prices'!L66 -> -0.086027551 | ... N65: =('Stock Prices'!O66-'Stock Prices'!N66)/'Stock Prices'!N66 -> 0.16250343
A66: IFX.DE | B66: Infineon | C66: Germany | D66: DAX 40 | E66: =('Stock Prices'!F67-'Stock Prices'!E67)/'Stock Prices'!E67 -> 0.52655367 | F66: =('Stock Prices'!G67-'Stock Prices'!F67)/'Stock Prices'!F67 -> 0.22205774 | G66: =('Stock Prices'!H67-'Stock Prices'!G67)/'Stock Prices'!G67 -> 0.3827983 | H66: =('Stock Prices'!I67-'Stock Prices'!H67)/'Stock Prices'!H67 -> -0.23959702 | I66: =('Stock Prices'!J67-'Stock Prices'!I67)/'Stock Prices'!I67 -> 0.16993088 | J66: =('Stock Prices'!K67-'Stock Prices'!J67)/'Stock Prices'!J67 -> 0.54554407 | K66: =('Stock Prices'!L67-'Stock Prices'!K67)/'Stock Prices'!K67 -> 0.29850271 | L66: =('Stock Prices'!M67-'Stock Prices'!L67)/'Stock Prices'!L67 -> -0.30250245 | ... N66: =('Stock Prices'!O67-'Stock Prices'!N67)/'Stock Prices'!N67 -> -0.16931217
A67: MBG.DE | B67: Mercedes-Benz | C67: Germany | D67: DAX 40 | E67: =('Stock Prices'!F68-'Stock Prices'!E68)/'Stock Prices'!E68 -> 0.12486902 | F67: =('Stock Prices'!G68-'Stock Prices'!F68)/'Stock Prices'!F68 -> -0.088495575 | G67: =('Stock Prices'!H68-'Stock Prices'!G68)/'Stock Prices'!G68 -> 0.0011923011 | H67: =('Stock Prices'!I68-'Stock Prices'!H68)/'Stock Prices'!H68 -> -0.35165022 | I67: =('Stock Prices'!J68-'Stock Prices'!I68)/'Stock Prices'!I68 -> 0.075570716 | J67: =('Stock Prices'!K68-'Stock Prices'!J68)/'Stock Prices'!J68 -> 0.1705294 | K67: =('Stock Prices'!L68-'Stock Prices'!K68)/'Stock Prices'!K68 -> 0.40871196 | L67: =('Stock Prices'!M68-'Stock Prices'!L68)/'Stock Prices'!L68 -> -0.091581595 | ... N67: =('Stock Prices'!O68-'Stock Prices'!N68)/'Stock Prices'!N68 -> -0.13988809
A68: MRK.DE | B68: Merck KGaA | C68: Germany | D68: DAX 40 | E68: =('Stock Prices'!F69-'Stock Prices'!E69)/'Stock Prices'!E69 -> 0.14218312 | F68: =('Stock Prices'!G69-'Stock Prices'!F69)/'Stock Prices'!F69 -> 0.10695545 | G68: =('Stock Prices'!H69-'Stock Prices'!G69)/'Stock Prices'!G69 -> -0.09480585 | H68: =('Stock Prices'!I69-'Stock Prices'!H69)/'Stock Prices'!H69 -> 0.0025626741 | I68: =('Stock Prices'!J69-'Stock Prices'!I69)/'Stock Prices'!I69 -> 0.17081574 | J68: =('Stock Prices'!K69-'Stock Prices'!J69)/'Stock Prices'!J69 -> 0.33222591 | K68: =('Stock Prices'!L69-'Stock Prices'!K69)/'Stock Prices'!K69 -> 0.61738511 | L68: =('Stock Prices'!M69-'Stock Prices'!L69)/'Stock Prices'!L69 -> -0.2030837 | ... N68: =('Stock Prices'!O69-'Stock Prices'!N69)/'Stock Prices'!N69 -> -0.029146426
A69: MTX.DE | B69: MTU Aero Engines | C69: Germany | D69: DAX 40 | E69: =('Stock Prices'!F70-'Stock Prices'!E70)/'Stock Prices'!E70 -> 0.24861419 | F69: =('Stock Prices'!G70-'Stock Prices'!F70)/'Stock Prices'!F70 -> 0.21864595 | G69: =('Stock Prices'!H70-'Stock Prices'!G70)/'Stock Prices'!G70 -> 0.36065574 | H69: =('Stock Prices'!I70-'Stock Prices'!H70)/'Stock Prices'!H70 -> 0.060240964 | I69: =('Stock Prices'!J70-'Stock Prices'!I70)/'Stock Prices'!I70 -> 0.60732323 | J69: =('Stock Prices'!K70-'Stock Prices'!J70)/'Stock Prices'!J70 -> -0.16182247 | K69: =('Stock Prices'!L70-'Stock Prices'!K70)/'Stock Prices'!K70 -> -0.15932521 | L69: =('Stock Prices'!M70-'Stock Prices'!L70)/'Stock Prices'!L70 -> 0.1270903 | ... N69: =('Stock Prices'!O70-'Stock Prices'!N70)/'Stock Prices'!N70 -> 0.64916773
A70: MUV2.DE | B70: Munich Re | C70: Germany | D70: DAX 40 | E70: =('Stock Prices'!F71-'Stock Prices'!E71)/'Stock Prices'!E71 -> 0.11342383 | F70: =('Stock Prices'!G71-'Stock Prices'!F71)/'Stock Prices'!F71 -> -0.02655107 | G70: =('Stock Prices'!H71-'Stock Prices'!G71)/'Stock Prices'!G71 -> 0.006123017 | H70: =('Stock Prices'!I71-'Stock Prices'!H71)/'Stock Prices'!H71 -> 0.054218534 | I70: =('Stock Prices'!J71-'Stock Prices'!I71)/'Stock Prices'!I71 -> 0.38021517 | J70: =('Stock Prices'!K71-'Stock Prices'!J71)/'Stock Prices'!J71 -> -0.076806084 | K70: =('Stock Prices'!L71-'Stock Prices'!K71)/'Stock Prices'!K71 -> 0.072899506 | L70: =('Stock Prices'!M71-'Stock Prices'!L71)/'Stock Prices'!L71 -> 0.16698656 | ... N70: =('Stock Prices'!O71-'Stock Prices'!N71)/'Stock Prices'!N71 -> 0.29858704
A71: PAH3.DE | B71: Porsche Automobil Holding | C71: Germany | D71: DAX 40 | E71: =('Stock Prices'!F72-'Stock Prices'!E72)/'Stock Prices'!E72 -> -0.25536033 | F71: =('Stock Prices'!G72-'Stock Prices'!F72)/'Stock Prices'!F72 -> 0.034593081 | G71: =('Stock Prices'!H72-'Stock Prices'!G72)/'Stock Prices'!G72 -> 0.34866641 | H71: =('Stock Prices'!I72-'Stock Prices'!H72)/'Stock Prices'!H72 -> -0.25995987 | I71: =('Stock Prices'!J72-'Stock Prices'!I72)/'Stock Prices'!I72 -> 0.2904725 | J71: =('Stock Prices'!K72-'Stock Prices'!J72)/'Stock Prices'!J72 -> -0.15366146 | K71: =('Stock Prices'!L72-'Stock Prices'!K72)/'Stock Prices'!K72 -> 0.47943262 | L71: =('Stock Prices'!M72-'Stock Prices'!L72)/'Stock Prices'!L72 -> -0.38590604 | ... N71: =('Stock Prices'!O72-'Stock Prices'!N72)/'Stock Prices'!N72 -> -0.2152418
... A77: SIE.DE | B77: Siemens | C77: Germany | D77: DAX 40 | E77: =('Stock Prices'!F78-'Stock Prices'!E78)/'Stock Prices'!E78 -> -0.04128 | F77: =('Stock Prices'!G78-'Stock Prices'!F78)/'Stock Prices'!F78 -> 0.29951046 | G77: =('Stock Prices'!H78-'Stock Prices'!G78)/'Stock Prices'!G78 -> -0.0055650685 | H77: =('Stock Prices'!I78-'Stock Prices'!H78)/'Stock Prices'!H78 -> -0.16160138 | I77: =('Stock Prices'!J78-'Stock Prices'!I78)/'Stock Prices'!I78 -> 0.19675498 | J77: =('Stock Prices'!K78-'Stock Prices'!J78)/'Stock Prices'!J78 -> 0.0084091299 | K77: =('Stock Prices'!L78-'Stock Prices'!K78)/'Stock Prices'!K78 -> 0.29918312 | L77: =('Stock Prices'!M78-'Stock Prices'!L78)/'Stock Prices'!L78 -> -0.15090385 | ... N77: =('Stock Prices'!O78-'Stock Prices'!N78)/'Stock Prices'!N78 -> 0.10969868
A78: ENR.DE | B78: Siemens Energy | C78: Germany | D78: DAX 40 | K78: =('Stock Prices'!L79-'Stock Prices'!K79)/'Stock Prices'!K79 -> -0.25033333 | L78: =('Stock Prices'!M79-'Stock Prices'!L79)/'Stock Prices'!L79 -> -0.21831925 | M78: =('Stock Prices'!N79-'Stock Prices'!M79)/'Stock Prices'!M79 -> -0.31740614 | N78: =('Stock Prices'!O79-'Stock Prices'!N79)/'Stock Prices'!N79 -> 3.1983333
A79: SHL.DE | B79: Siemens Healthineers | C79: Germany | D79: DAX 40 | I79: =('Stock Prices'!J80-'Stock Prices'!I80)/'Stock Prices'!I80 -> 0.17186645 | J79: =('Stock Prices'!K80-'Stock Prices'!J80)/'Stock Prices'!J80 -> -0.019617001 | K79: =('Stock Prices'!L80-'Stock Prices'!K80)/'Stock Prices'!K80 -> 0.56788947 | L79: =('Stock Prices'!M80-'Stock Prices'!L80)/'Stock Prices'!L80 -> -0.29003342 | M79: =('Stock Prices'!N80-'Stock Prices'!M80)/'Stock Prices'!M80 -> 0.12561524 | N79: =('Stock Prices'!O80-'Stock Prices'!N80)/'Stock Prices'!N80 -> -0.02661597
A80: SY1.DE | B80: Symrise | C80: Germany | D80: DAX 40 | E80: =('Stock Prices'!F81-'Stock Prices'!E81)/'Stock Prices'!E81 -> 0.22341911 | F80: =('Stock Prices'!G81-'Stock Prices'!F81)/'Stock Prices'!F81 -> -0.057068319 | G80: =('Stock Prices'!H81-'Stock Prices'!G81)/'Stock Prices'!G81 -> 0.23845755 | H80: =('Stock Prices'!I81-'Stock Prices'!H81)/'Stock Prices'!H81 -> -0.099413572 | I80: =('Stock Prices'!J81-'Stock Prices'!I81)/'Stock Prices'!I81 -> 0.45426357 | J80: =('Stock Prices'!K81-'Stock Prices'!J81)/'Stock Prices'!J81 -> 0.15565032 | K80: =('Stock Prices'!L81-'Stock Prices'!K81)/'Stock Prices'!K81 -> 0.20202952 | L80: =('Stock Prices'!M81-'Stock Prices'!L81)/'Stock Prices'!L81 -> -0.21987721 | ... N80: =('Stock Prices'!O81-'Stock Prices'!N81)/'Stock Prices'!N81 -> 0.030208752
A81: VOW3.DE | B81: Volkswagen | C81: Germany | D81: DAX 40 | E81: =('Stock Prices'!F82-'Stock Prices'!E82)/'Stock Prices'!E82 -> -0.27565665 | F81: =('Stock Prices'!G82-'Stock Prices'!F82)/'Stock Prices'!F82 -> -0.0029906542 | G81: =('Stock Prices'!H82-'Stock Prices'!G82)/'Stock Prices'!G82 -> 0.24821897 | H81: =('Stock Prices'!I82-'Stock Prices'!H82)/'Stock Prices'!H82 -> -0.16539501 | I81: =('Stock Prices'!J82-'Stock Prices'!I82)/'Stock Prices'!I82 -> 0.26864382 | J81: =('Stock Prices'!K82-'Stock Prices'!J82)/'Stock Prices'!J82 -> -0.1351566 | K81: =('Stock Prices'!L82-'Stock Prices'!K82)/'Stock Prices'!K82 -> 0.16441412 | L81: =('Stock Prices'!M82-'Stock Prices'!L82)/'Stock Prices'!L82 -> -0.34403876 | ... N81: =('Stock Prices'!O82-'Stock Prices'!N82)/'Stock Prices'!N82 -> -0.20357782
A82: VNA.DE | B82: Vonovia | C82: Germany | D82: DAX 40 | E82: =('Stock Prices'!F83-'Stock Prices'!E83)/'Stock Prices'!E83 -> 0.070456365 | F82: =('Stock Prices'!G83-'Stock Prices'!F83)/'Stock Prices'!F83 -> 0.082647719 | G82: =('Stock Prices'!H83-'Stock Prices'!G83)/'Stock Prices'!G83 -> 0.33920553 | H82: =('Stock Prices'!I83-'Stock Prices'!H83)/'Stock Prices'!H83 -> -0.043590405 | I82: =('Stock Prices'!J83-'Stock Prices'!I83)/'Stock Prices'!I83 -> 0.21251348 | J82: =('Stock Prices'!K83-'Stock Prices'!J83)/'Stock Prices'!J83 -> 0.24510676 | K82: =('Stock Prices'!L83-'Stock Prices'!K83)/'Stock Prices'!K83 -> -0.13361915 | L82: =('Stock Prices'!M83-'Stock Prices'!L83)/'Stock Prices'!L83 -> -0.54597938 | ... N82: =('Stock Prices'!O83-'Stock Prices'!N83)/'Stock Prices'!N83 -> 0.027330063
A83: ZAL.DE | B83: Zalando | C83: Germany | D83: DAX 40 | E83: =('Stock Prices'!F84-'Stock Prices'!E84)/'Stock Prices'!E84 -> 0.42745098 | F83: =('Stock Prices'!G84-'Stock Prices'!F84)/'Stock Prices'!F84 -> -0.003021978 | G83: =('Stock Prices'!H84-'Stock Prices'!G84)/'Stock Prices'!G84 -> 0.21576192 | H83: =('Stock Prices'!I84-'Stock Prices'!H84)/'Stock Prices'!H84 -> -0.49138713 | I83: =('Stock Prices'!J84-'Stock Prices'!I84)/'Stock Prices'!I84 -> 1.013369 | J83: =('Stock Prices'!K84-'Stock Prices'!J84)/'Stock Prices'!J84 -> 1.0154936 | K83: =('Stock Prices'!L84-'Stock Prices'!K84)/'Stock Prices'!K84 -> -0.21875686 | L83: =('Stock Prices'!M84-'Stock Prices'!L84)/'Stock Prices'!L84 -> -0.5345797 | ... N83: =('Stock Prices'!O84-'Stock Prices'!N84)/'Stock Prices'!N84 -> 0.51002331
A84: CAC 40
A85: MC.PA | B85: LVMH | C85: France | D85: CAC 40 | E85: =('Stock Prices'!F86-'Stock Prices'!E86)/'Stock Prices'!E86 -> 0.12199771 | F85: =('Stock Prices'!G86-'Stock Prices'!F86)/'Stock Prices'!F86 -> 0.23275569 | G85: =('Stock Prices'!H86-'Stock Prices'!G86)/'Stock Prices'!G86 -> 0.35281147 | H85: =('Stock Prices'!I86-'Stock Prices'!H86)/'Stock Prices'!H86 -> 0.0299511 | I85: =('Stock Prices'!J86-'Stock Prices'!I86)/'Stock Prices'!I86 -> 0.64035608 | J85: =('Stock Prices'!K86-'Stock Prices'!J86)/'Stock Prices'!J86 -> 0.23757839 | K85: =('Stock Prices'!L86-'Stock Prices'!K86)/'Stock Prices'!K86 -> 0.42272462 | L85: =('Stock Prices'!M86-'Stock Prices'!L86)/'Stock Prices'!L86 -> -0.068630137 | ... N85: =('Stock Prices'!O86-'Stock Prices'!N86)/'Stock Prices'!N86 -> -0.14217557
A86: SU.PA | B86: Schneider Electric | C86: France | D86: CAC 40 | E86: =('Stock Prices'!F87-'Stock Prices'!E87)/'Stock Prices'!E87 -> -0.10008382 | F86: =('Stock Prices'!G87-'Stock Prices'!F87)/'Stock Prices'!F87 -> 0.23155738 | G86: =('Stock Prices'!H87-'Stock Prices'!G87)/'Stock Prices'!G87 -> 0.071849947 | H86: =('Stock Prices'!I87-'Stock Prices'!H87)/'Stock Prices'!H87 -> -0.16285634 | I86: =('Stock Prices'!J87-'Stock Prices'!I87)/'Stock Prices'!I87 -> 0.54315577 | J86: =('Stock Prices'!K87-'Stock Prices'!J87)/'Stock Prices'!J87 -> 0.3201879 | K86: =('Stock Prices'!L87-'Stock Prices'!K87)/'Stock Prices'!K87 -> 0.43020273 | L86: =('Stock Prices'!M87-'Stock Prices'!L87)/'Stock Prices'!L87 -> -0.24369359 | ... N86: =('Stock Prices'!O87-'Stock Prices'!N87)/'Stock Prices'!N87 -> 0.31697657
A87: AIR.PA | B87: Airbus | C87: France | D87: CAC 40 | E87: =('Stock Prices'!F88-'Stock Prices'!E88)/'Stock Prices'!E88 -> 0.52857841 | F87: =('Stock Prices'!G88-'Stock Prices'!F88)/'Stock Prices'!F88 -> 0.004154682 | G87: =('Stock Prices'!H88-'Stock Prices'!G88)/'Stock Prices'!G88 -> 0.32081477 | H87: =('Stock Prices'!I88-'Stock Prices'!H88)/'Stock Prices'!H88 -> 0.0091566265 | I87: =('Stock Prices'!J88-'Stock Prices'!I88)/'Stock Prices'!I88 -> 0.55205349 | J87: =('Stock Prices'!K88-'Stock Prices'!J88)/'Stock Prices'!J88 -> -0.29807692 | K87: =('Stock Prices'!L88-'Stock Prices'!K88)/'Stock Prices'!K88 -> 0.23484932 | L87: =('Stock Prices'!M88-'Stock Prices'!L88)/'Stock Prices'!L88 -> -0.014731984 | ... N87: =('Stock Prices'!O88-'Stock Prices'!N88)/'Stock Prices'!N88 -> 0.10444985
A88: TTE.PA | B88: TotalEnergies | C88: France | D88: CAC 40 | E88: =('Stock Prices'!F89-'Stock Prices'!E89)/'Stock Prices'!E89 -> -0.023037142 | F88: =('Stock Prices'!G89-'Stock Prices'!F89)/'Stock Prices'!F89 -> 0.17228104 | G88: =('Stock Prices'!H89-'Stock Prices'!G89)/'Stock Prices'!G89 -> -0.05500821 | H88: =('Stock Prices'!I89-'Stock Prices'!H89)/'Stock Prices'!H89 -> 0.00086880973 | I88: =('Stock Prices'!J89-'Stock Prices'!I89)/'Stock Prices'!I89 -> 0.067491319 | J88: =('Stock Prices'!K89-'Stock Prices'!J89)/'Stock Prices'!J89 -> -0.27647896 | K88: =('Stock Prices'!L89-'Stock Prices'!K89)/'Stock Prices'!K89 -> 0.26159033 | L88: =('Stock Prices'!M89-'Stock Prices'!L89)/'Stock Prices'!L89 -> 0.30623608 | ... N88: =('Stock Prices'!O89-'Stock Prices'!N89)/'Stock Prices'!N89 -> -0.1461039
A89: SAN.PA | B89: Sanofi | C89: France | D89: CAC 40 | E89: =('Stock Prices'!F90-'Stock Prices'!E90)/'Stock Prices'!E90 -> 0.0628 | F89: =('Stock Prices'!G90-'Stock Prices'!F90)/'Stock Prices'!F90 -> -0.035252791 | G89: =('Stock Prices'!H90-'Stock Prices'!G90)/'Stock Prices'!G90 -> -0.065669701 | H89: =('Stock Prices'!I90-'Stock Prices'!H90)/'Stock Prices'!H90 -> 0.046903271 | I89: =('Stock Prices'!J90-'Stock Prices'!I90)/'Stock Prices'!I90 -> 0.19316671 | J89: =('Stock Prices'!K90-'Stock Prices'!J90)/'Stock Prices'!J90 -> -0.12133705 | K89: =('Stock Prices'!L90-'Stock Prices'!K90)/'Stock Prices'!K90 -> 0.13023079 | L89: =('Stock Prices'!M90-'Stock Prices'!L90)/'Stock Prices'!L90 -> 0.0079658925 | ... N89: =('Stock Prices'!O90-'Stock Prices'!N90)/'Stock Prices'!N90 -> 0.037655971
A90: SAF.PA | B90: Safran | C90: France | D90: CAC 40 | E90: =('Stock Prices'!F91-'Stock Prices'!E91)/'Stock Prices'!E91 -> 0.26437921 | F90: =('Stock Prices'!G91-'Stock Prices'!F91)/'Stock Prices'!F91 -> 0.073254902 | G90: =('Stock Prices'!H91-'Stock Prices'!G91)/'Stock Prices'!G91 -> 0.25562701 | H90: =('Stock Prices'!I91-'Stock Prices'!H91)/'Stock Prices'!H91 -> 0.20009312 | I90: =('Stock Prices'!J91-'Stock Prices'!I91)/'Stock Prices'!I91 -> 0.32977692 | J90: =('Stock Prices'!K91-'Stock Prices'!J91)/'Stock Prices'!J91 -> -0.13202042 | K90: =('Stock Prices'!L91-'Stock Prices'!K91)/'Stock Prices'!K91 -> -0.10016807 | L90: =('Stock Prices'!M91-'Stock Prices'!L91)/'Stock Prices'!L91 -> 0.091893911 | ... N90: =('Stock Prices'!O91-'Stock Prices'!N91)/'Stock Prices'!N91 -> 0.31945315
A91: AI.PA | B91: Air Liquide | C91: France | D91: CAC 40 | E91: =('Stock Prices'!F92-'Stock Prices'!E92)/'Stock Prices'!E92 -> 0.029328988 | F91: =('Stock Prices'!G92-'Stock Prices'!F92)/'Stock Prices'!F92 -> 0.033098288 | G91: =('Stock Prices'!H92-'Stock Prices'!G92)/'Stock Prices'!G92 -> 0.093745647 | H91: =('Stock Prices'!I92-'Stock Prices'!H92)/'Stock Prices'!H92 -> 0.011334692 | I91: =('Stock Prices'!J92-'Stock Prices'!I92)/'Stock Prices'!I92 -> 0.30399194 | J91: =('Stock Prices'!K92-'Stock Prices'!J92)/'Stock Prices'!J92 -> 0.074263641 | K91: =('Stock Prices'!L92-'Stock Prices'!K92)/'Stock Prices'!K92 -> 0.13583243 | L91: =('Stock Prices'!M92-'Stock Prices'!L92)/'Stock Prices'!L92 -> -0.049861496 | ... N91: =('Stock Prices'!O92-'Stock Prices'!N92)/'Stock Prices'!N92 -> -0.031749014
A92: OR.PA | B92: L'Oreal | C92: France | D92: CAC 40 | E92: =('Stock Prices'!F93-'Stock Prices'!E93)/'Stock Prices'!E93 -> 0.13897937 | F92: =('Stock Prices'!G93-'Stock Prices'!F93)/'Stock Prices'!F93 -> 0.10200191 | G92: =('Stock Prices'!H93-'Stock Prices'!G93)/'Stock Prices'!G93 -> 0.066608997 | H92: =('Stock Prices'!I93-'Stock Prices'!H93)/'Stock Prices'!H93 -> 0.071100297 | I92: =('Stock Prices'!J93-'Stock Prices'!I93)/'Stock Prices'!I93 -> 0.32862191 | J92: =('Stock Prices'!K93-'Stock Prices'!J93)/'Stock Prices'!J93 -> 0.1899696 | K92: =('Stock Prices'!L93-'Stock Prices'!K93)/'Stock Prices'!K93 -> 0.3403576 | L92: =('Stock Prices'!M93-'Stock Prices'!L93)/'Stock Prices'!L93 -> -0.20533587 | ... N92: =('Stock Prices'!O93-'Stock Prices'!N93)/'Stock Prices'!N93 -> -0.25130367
A93: EL.PA | B93: EssilorLuxottica | C93: France | D93: CAC 40 | E93: =('Stock Prices'!F94-'Stock Prices'!E94)/'Stock Prices'!E94 -> 0.28099174 | F93: =('Stock Prices'!G94-'Stock Prices'!F94)/'Stock Prices'!F94 -> -0.07655914 | G93: =('Stock Prices'!H94-'Stock Prices'!G94)/'Stock Prices'!G94 -> 0.07079646 | H93: =('Stock Prices'!I94-'Stock Prices'!H94)/'Stock Prices'!H94 -> -0.04523706 | I93: =('Stock Prices'!J94-'Stock Prices'!I94)/'Stock Prices'!I94 -> 0.22915718 | J93: =('Stock Prices'!K94-'Stock Prices'!J94)/'Stock Prices'!J94 -> -0.044848036 | K93: =('Stock Prices'!L94-'Stock Prices'!K94)/'Stock Prices'!K94 -> 0.45626698 | L93: =('Stock Prices'!M94-'Stock Prices'!L94)/'Stock Prices'!L94 -> -0.098273289 | ... N93: =('Stock Prices'!O94-'Stock Prices'!N94)/'Stock Prices'!N94 -> 0.27918502
A94: BNP.PA | B94: BNP Paribas | C94: France | D94: CAC 40 | E94: =('Stock Prices'!F95-'Stock Prices'!E95)/'Stock Prices'!E95 -> 0.077001843 | F94: =('Stock Prices'!G95-'Stock Prices'!F95)/'Stock Prices'!F95 -> 0.15135957 | G94: =('Stock Prices'!H95-'Stock Prices'!G95)/'Stock Prices'!G95 -> 0.02807597 | H94: =('Stock Prices'!I95-'Stock Prices'!H95)/'Stock Prices'!H95 -> -0.36738956 | I94: =('Stock Prices'!J95-'Stock Prices'!I95)/'Stock Prices'!I95 -> 0.33900457 | J94: =('Stock Prices'!K95-'Stock Prices'!J95)/'Stock Prices'!J95 -> -0.17864593 | K94: =('Stock Prices'!L95-'Stock Prices'!K95)/'Stock Prices'!K95 -> 0.40083122 | L94: =('Stock Prices'!M95-'Stock Prices'!L95)/'Stock Prices'!L95 -> -0.12230097 | ... N94: =('Stock Prices'!O95-'Stock Prices'!N95)/'Stock Prices'!N95 -> -0.061671193
A95: CS.PA | B95: AXA | C95: France | D95: CAC 40 | E95: =('Stock Prices'!F96-'Stock Prices'!E96)/'Stock Prices'!E96 -> 0.32253006 | F95: =('Stock Prices'!G96-'Stock Prices'!F96)/'Stock Prices'!F96 -> -0.051778656 | G95: =('Stock Prices'!H96-'Stock Prices'!G96)/'Stock Prices'!G96 -> 0.031263026 | H95: =('Stock Prices'!I96-'Stock Prices'!H96)/'Stock Prices'!H96 -> -0.24090542 | I95: =('Stock Prices'!J96-'Stock Prices'!I96)/'Stock Prices'!I96 -> 0.33599574 | J95: =('Stock Prices'!K96-'Stock Prices'!J96)/'Stock Prices'!J96 -> -0.21562375 | K95: =('Stock Prices'!L96-'Stock Prices'!K96)/'Stock Prices'!K96 -> 0.33587398 | L95: =('Stock Prices'!M96-'Stock Prices'!L96)/'Stock Prices'!L96 -> -0.0087485736 | ... N95: =('Stock Prices'!O96-'Stock Prices'!N96)/'Stock Prices'!N96 -> 0.15700237
A96: RMS.PA | B96: Hermes | C96: France | D96: CAC 40 | E96: =('Stock Prices'!F97-'Stock Prices'!E97)/'Stock Prices'!E97 -> 0.072098176 | F96: =('Stock Prices'!G97-'Stock Prices'!F97)/'Stock Prices'!F97 -> 0.24006359 | G96: =('Stock Prices'!H97-'Stock Prices'!G97)/'Stock Prices'!G97 -> 0.14423077 | H96: =('Stock Prices'!I97-'Stock Prices'!H97)/'Stock Prices'!H97 -> 0.068459384 | I96: =('Stock Prices'!J97-'Stock Prices'!I97)/'Stock Prices'!I97 -> 0.40771812 | J96: =('Stock Prices'!K97-'Stock Prices'!J97)/'Stock Prices'!J97 -> 0.3170441 | K96: =('Stock Prices'!L97-'Stock Prices'!K97)/'Stock Prices'!K97 -> 0.73925339 | L96: =('Stock Prices'!M97-'Stock Prices'!L97)/'Stock Prices'!L97 -> -0.060162602 | ... N96: =('Stock Prices'!O97-'Stock Prices'!N97)/'Stock Prices'!N97 -> 0.20127163
... A116: ERA.PA | B116: Eramet | C116: France | D116: CAC 40 | E116: =('Stock Prices'!F117-'Stock Prices'!E117)/'Stock Prices'!E117 -> -0.59827586 | F116: =('Stock Prices'!G117-'Stock Prices'!F117)/'Stock Prices'!F117 -> 0.87322549 | G116: =('Stock Prices'!H117-'Stock Prices'!G117)/'Stock Prices'!G117 -> 0.74532957 | H116: =('Stock Prices'!I117-'Stock Prices'!H117)/'Stock Prices'!H117 -> -0.42593154 | I116: =('Stock Prices'!J117-'Stock Prices'!I117)/'Stock Prices'!I117 -> -0.19771328 | J116: =('Stock Prices'!K117-'Stock Prices'!J117)/'Stock Prices'!J117 -> -0.082218812 | K116: =('Stock Prices'!L117-'Stock Prices'!K117)/'Stock Prices'!K117 -> 0.67343526 | L116: =('Stock Prices'!M117-'Stock Prices'!L117)/'Stock Prices'!L117 -> 0.19700214 | ... N116: =('Stock Prices'!O117-'Stock Prices'!N117)/'Stock Prices'!N117 -> -0.25454545
A117: STM.PA | B117: STMicroelectronics | C117: France | D117: CAC 40 | E117: =('Stock Prices'!F118-'Stock Prices'!E118)/'Stock Prices'!E118 -> 0.013738484 | F117: =('Stock Prices'!G118-'Stock Prices'!F118)/'Stock Prices'!F118 -> 0.71795281 | G117: =('Stock Prices'!H118-'Stock Prices'!G118)/'Stock Prices'!G118 -> 0.68955916 | H117: =('Stock Prices'!I118-'Stock Prices'!H118)/'Stock Prices'!H118 -> -0.32793189 | I117: =('Stock Prices'!J118-'Stock Prices'!I118)/'Stock Prices'!I118 -> 0.95995096 | J117: =('Stock Prices'!K118-'Stock Prices'!J118)/'Stock Prices'!J118 -> 0.27314433 | K117: =('Stock Prices'!L118-'Stock Prices'!K118)/'Stock Prices'!K118 -> 0.43268918 | L117: =('Stock Prices'!M118-'Stock Prices'!L118)/'Stock Prices'!L118 -> -0.24565621 | M117: =('Stock Prices'!N118-'Stock Prices'!M118)/'Stock Prices'!M118 -> -1
A118: RNO.PA | B118: Renault | C118: France | D118: CAC 40 | E118: =('Stock Prices'!F119-'Stock Prices'!E119)/'Stock Prices'!E119 -> 0.56668328 | F118: =('Stock Prices'!G119-'Stock Prices'!F119)/'Stock Prices'!F119 -> -0.10410262 | G118: =('Stock Prices'!H119-'Stock Prices'!G119)/'Stock Prices'!G119 -> -0.0070997515 | H118: =('Stock Prices'!I119-'Stock Prices'!H119)/'Stock Prices'!H119 -> -0.35609582 | I118: =('Stock Prices'!J119-'Stock Prices'!I119)/'Stock Prices'!I119 -> -0.21154914 | J118: =('Stock Prices'!K119-'Stock Prices'!J119)/'Stock Prices'!J119 -> -0.15610329 | K118: =('Stock Prices'!L119-'Stock Prices'!K119)/'Stock Prices'!K119 -> -0.16272601 | L118: =('Stock Prices'!M119-'Stock Prices'!L119)/'Stock Prices'!L119 -> 0.039202658 | ... N118: =('Stock Prices'!O119-'Stock Prices'!N119)/'Stock Prices'!N119 -> 0.26422764
A119: SW.PA | B119: Sodexo | C119: France | D119: CAC 40 | E119: =('Stock Prices'!F120-'Stock Prices'!E120)/'Stock Prices'!E120 -> 0.13359723 | F119: =('Stock Prices'!G120-'Stock Prices'!F120)/'Stock Prices'!F120 -> 0.19394733 | G119: =('Stock Prices'!H120-'Stock Prices'!G120)/'Stock Prices'!G120 -> 0.026078479 | H119: =('Stock Prices'!I120-'Stock Prices'!H120)/'Stock Prices'!H120 -> -0.21638955 | I119: =('Stock Prices'!J120-'Stock Prices'!I120)/'Stock Prices'!I120 -> 0.20203092 | J119: =('Stock Prices'!K120-'Stock Prices'!J120)/'Stock Prices'!J120 -> -0.3360232 | K119: =('Stock Prices'!L120-'Stock Prices'!K120)/'Stock Prices'!K120 -> 0.10539309 | L119: =('Stock Prices'!M120-'Stock Prices'!L120)/'Stock Prices'!L120 -> 0.15512798 | ... N119: =('Stock Prices'!O120-'Stock Prices'!N120)/'Stock Prices'!N120 -> 0.052631579
A120: CA.PA | B120: Carrefour | C120: France | D120: CAC 40 | E120: =('Stock Prices'!F121-'Stock Prices'!E121)/'Stock Prices'!E121 -> 0.086103324 | F120: =('Stock Prices'!G121-'Stock Prices'!F121)/'Stock Prices'!F121 -> -0.15597345 | G120: =('Stock Prices'!H121-'Stock Prices'!G121)/'Stock Prices'!G121 -> -0.21188292 | H120: =('Stock Prices'!I121-'Stock Prices'!H121)/'Stock Prices'!H121 -> -0.17793792 | I120: =('Stock Prices'!J121-'Stock Prices'!I121)/'Stock Prices'!I121 -> 0.020229265 | J120: =('Stock Prices'!K121-'Stock Prices'!J121)/'Stock Prices'!J121 -> -0.058162591 | K120: =('Stock Prices'!L121-'Stock Prices'!K121)/'Stock Prices'!K121 -> 0.12350877 | L120: =('Stock Prices'!M121-'Stock Prices'!L121)/'Stock Prices'!L121 -> -0.023110556 | ... N120: =('Stock Prices'!O121-'Stock Prices'!N121)/'Stock Prices'!N121 -> -0.18105009
A121: EDEN.PA | B121: Edenred | C121: France | D121: CAC 40 | E121: =('Stock Prices'!F122-'Stock Prices'!E122)/'Stock Prices'!E122 -> -0.24166306 | F121: =('Stock Prices'!G122-'Stock Prices'!F122)/'Stock Prices'!F122 -> 0.075385494 | G121: =('Stock Prices'!H122-'Stock Prices'!G122)/'Stock Prices'!G122 -> 0.28412108 | H121: =('Stock Prices'!I122-'Stock Prices'!H122)/'Stock Prices'!H122 -> 0.31348222 | I121: =('Stock Prices'!J122-'Stock Prices'!I122)/'Stock Prices'!I122 -> 0.45465995 | J121: =('Stock Prices'!K122-'Stock Prices'!J122)/'Stock Prices'!J122 -> 0.027489177 | K121: =('Stock Prices'!L122-'Stock Prices'!K122)/'Stock Prices'!K122 -> -0.14767221 | L121: =('Stock Prices'!M122-'Stock Prices'!L122)/'Stock Prices'!L122 -> 0.25753831 | ... N121: =('Stock Prices'!O122-'Stock Prices'!N122)/'Stock Prices'!N122 -> -0.42999631
A122: BIM.PA | B122: bioMerieux | C122: France | D122: CAC 40 | E122: =('Stock Prices'!F123-'Stock Prices'!E123)/'Stock Prices'!E123 -> 0.28856942 | F122: =('Stock Prices'!G123-'Stock Prices'!F123)/'Stock Prices'!F123 -> 0.28707483 | G122: =('Stock Prices'!H123-'Stock Prices'!G123)/'Stock Prices'!G123 -> 0.57906977 | H122: =('Stock Prices'!I123-'Stock Prices'!H123)/'Stock Prices'!H123 -> -0.25291204 | I122: =('Stock Prices'!J123-'Stock Prices'!I123)/'Stock Prices'!I123 -> 0.43100358 | J122: =('Stock Prices'!K123-'Stock Prices'!J123)/'Stock Prices'!J123 -> 0.46149029 | K122: =('Stock Prices'!L123-'Stock Prices'!K123)/'Stock Prices'!K123 -> 0.076692374 | L122: =('Stock Prices'!M123-'Stock Prices'!L123)/'Stock Prices'!L123 -> -0.2206924 | ... N122: =('Stock Prices'!O123-'Stock Prices'!N123)/'Stock Prices'!N123 -> 0.017892644
A123: IBEX 35
A124: ITX.MC | B124: Inditex | C124: Spain | D124: IBEX 35 | E124: =('Stock Prices'!F125-'Stock Prices'!E125)/'Stock Prices'!E125 -> 0.34892541 | F124: =('Stock Prices'!G125-'Stock Prices'!F125)/'Stock Prices'!F125 -> 0.0131209 | G124: =('Stock Prices'!H125-'Stock Prices'!G125)/'Stock Prices'!G125 -> -0.10422448 | H124: =('Stock Prices'!I125-'Stock Prices'!H125)/'Stock Prices'!H125 -> -0.2292599 | I124: =('Stock Prices'!J125-'Stock Prices'!I125)/'Stock Prices'!I125 -> 0.41804377 | J124: =('Stock Prices'!K125-'Stock Prices'!J125)/'Stock Prices'!J125 -> -0.1688189 | K124: =('Stock Prices'!L125-'Stock Prices'!K125)/'Stock Prices'!K125 -> 0.081091322 | L124: =('Stock Prices'!M125-'Stock Prices'!L125)/'Stock Prices'!L125 -> -0.12898703 | ... N124: =('Stock Prices'!O125-'Stock Prices'!N125)/'Stock Prices'!N125 -> 0.25893989
...

Sheet Market Cap
A1: Market Capitalization (€ millions)
A2: Values to be filled manually. Blue cells = data input fields.
A3: Ticker | B3: Company | C3: Country | D3: Index | E3: 2015 | F3: 2016 | G3: 2017 | H3: 2018 | I3: 2019 | J3: 2020 | K3: 2021 | L3: 2022 | M3: 2023 | N3: 2024
A4: FTSE MIB
A5: A2A.MI | B5: A2A | C5: Italy | D5: FTSE MIB | E5: 3.8949085e+09 | F5: 3.8242961e+09 | G5: 4.7259595e+09 | H5: 4.9746942e+09 | I5: 5.192337e+09 | J5: 4.041939e+09 | K5: 5.2867404e+09 | L5: 3.8421078e+09 | M5: 5.8272038e+09 | N5: 6.7353154e+09
A6: AMP.MI | B6: Amplifon | C6: Italy | D6: FTSE MIB | E6: 1.7432934e+09 | F6: 1.9848673e+09 | G6: 2.8307183e+09 | H6: 3.05684e+09 | I6: 5.6885843e+09 | J6: 7.6180727e+09 | K6: 1.0667895e+10 | L6: 6.2417875e+09 | M6: 7.0660282e+09 | N6: 5610931200
A7: G.MI | B7: Assicurazioni Generali | C7: Italy | D7: FTSE MIB | E7: 2.6334774e+10 | F7: 2.200619e+10 | G7: 2.3442788e+10 | H7: 2.268991e+10 | I7: 28849858640 | J7: 2.2380333e+10 | K7: 2.9308222e+10 | L7: 2.6081408e+10 | M7: 2.946316e+10 | N7: 41960103570
A8: AZM.MI | B8: Azimut Holding | C8: Italy | D8: FTSE MIB | E8: 3.0639467e+09 | F8: 2.0783863e+09 | G8: 1.9559503e+09 | H8: 1.2749798e+09 | I8: 2.9395259e+09 | J8: 2.4281042e+09 | K8: 3385628985 | L8: 2.8722356e+09 | M8: 3.2426448e+09 | N8: 3.3712679e+09
A9: BGN.MI | B9: Banca Generali | C9: Italy | D9: FTSE MIB | E9: 3380999060 | F9: 2630078220 | G9: 3178793780 | H9: 2129267760 | I9: 3351222240 | J9: 3141861600 | K9: 4456870000 | L9: 3672921840 | M9: 3837684840 | N9: 5114398880
A10: BMED.MI | B10: Banca Mediolanum | C10: Italy | D10: FTSE MIB | E10: 5.394191e+09 | F10: 5.0340304e+09 | G10: 5.2099309e+09 | H10: 3.7025383e+09 | I10: 6.4949231e+09 | J10: 5.2139732e+09 | K10: 6.3860132e+09 | L10: 5.7505673e+09 | M10: 6.3472577e+09 | N10: 8471898720
A11: BAMI.MI | B11: Banco BPM | C11: Italy | D11: FTSE MIB | E11: 4.6362092e+09 | F11: 1.8711103e+09 | G11: 3.9983805e+09 | H11: 3.0068001e+09 | I11: 3.0680186e+09 | J11: 2.7322036e+09 | K11: 3.9885735e+09 | L11: 5.0242714e+09 | M11: 7.2076787e+09 | N11: 1.1754059e+10
A12: BPE.MI | B12: BPER Banca | C12: Italy | D12: FTSE MIB | E12: 3.3885773e+09 | F12: 2.4366495e+09 | G12: 2.0033095e+09 | H12: 1.5841777e+09 | I12: 2.2181771e+09 | J12: 1.0117325e+09 | K12: 2.5704289e+09 | L12: 2.7108715e+09 | M12: 4.2879715e+09 | N12: 8671406050
A13: BZU.MI | B13: Buzzi | C13: Italy | D13: FTSE MIB | E13: 3.411828e+09 | F13: 4.626521e+09 | G13: 4.6985694e+09 | H13: 3.10923e+09 | I13: 4.5985493e+09 | J13: 4.0111175e+09 | K13: 3.6457016e+09 | L13: 3354795054 | M13: 5.0985318e+09 | N13: 6.522511e+09
A14: CPR.MI | B14: Campari Group | C14: Italy | D14: FTSE MIB | E14: 4624137592 | F14: 5370839208 | G14: 7.3825948e+09 | H14: 8.5116414e+09 | I14: 9.3147316e+09 | J14: 1.0589847e+10 | K14: 1.4487932e+10 | L14: 1.0675064e+10 | M14: 1.1647316e+10 | N14: 7.2260886e+09
A15: CNHI.MI | B15: CNH Industrial | C15: Italy | D15: FTSE MIB | E15: 10976152256 | F15: 9.3735728e+09 | G15: 1.1846563e+10 | H15: 1.836443e+10 | I15: 12269168944 | J15: 1.4879038e+10 | K15: 1.7048023e+10 | L15: 22842449838 | M15: 2.1638969e+10 | N15: 14207820000
A16: DIA.MI | B16: DiaSorin | C16: Italy | D16: FTSE MIB | E16: 2.659107e+09 | F16: 3.0853065e+09 | G16: 4.0973082e+09 | H16: 3.9525336e+09 | I16: 6.3137468e+09 | J16: 9.3142741e+09 | K16: 9.5644088e+09 | L16: 7530710840 | M16: 5.197751e+09 | N16: 5.5622887e+09
... A26: IG.MI | B26: Italgas | C26: Italy | D26: FTSE MIB | E26: 3.2122679e+09 | F26: 3.0006851e+09 | G26: 4045677510 | H26: 4.0699915e+09 | I26: 4.4016971e+09 | J26: 4.2075046e+09 | K26: 4.8990985e+09 | L26: 4.2051753e+09 | M26: 4.1996602e+09 | N26: 4.3888209e+09
A27: IVG.MI | B27: Iveco | C27: Italy | D27: FTSE MIB | E27: Unavailable | F27: Unavailable | G27: Unavailable | H27: 2.7383842e+09 | I27: 2.7383842e+09 | J27: 2.7383842e+09 | K27: 2739810000 | L27: 1506760000 | M27: 2192350000 | N27: 2493780000
A28: LDO.MI | B28: Leonardo | C28: Italy | D28: FTSE MIB | E28: 7411604700 | F28: 7664403620 | G28: 5790204000 | H28: 4412966400 | I28: 6007851300 | J28: 3397741740 | K28: 3623942700 | L28: 4636974420 | M28: 8595086580 | N28: 14917710510
A29: MB.MI | B29: Mediobanca | C29: Italy | D29: FTSE MIB | E29: 7.4572487e+09 | F29: 4.3854589e+09 | G29: 7.3824128e+09 | H29: 6.986373e+09 | I29: 7.8027818e+09 | J29: 5.4993052e+09 | K29: 8.494235e+09 | L29: 6.928854e+09 | M29: 9.2147432e+09 | N29: 1.1646908e+10
A30: MONC.MI | B30: Moncler | C30: Italy | D30: FTSE MIB | E30: 3.2311128e+09 | F30: 4.1204005e+09 | G30: 6.5031504e+09 | H30: 7.3402707e+09 | I30: 1.0086579e+10 | J30: 1.2669106e+10 | K30: 1.7001836e+10 | L30: 1.3314227e+10 | M30: 1.5044931e+10 | N30: 1.3791256e+10
A31: NEXI.MI | B31: Nexi | C31: Italy | D31: FTSE MIB | E31: Unavailable | F31: 5.2485294e+09 | G31: 5.2485294e+09 | H31: 5.2105555e+09 | I31: 7577401840 | J31: 10257892520 | K31: 11678208460 | L31: 9655013964 | M31: 9717162780 | N31: 6865934880
A32: PIRC.MI | B32: Pirelli | C32: Italy | D32: FTSE MIB | E32: 3.1523882e+09 | F32: 4570822080 | G32: 6262722880 | H32: 5550000000 | I32: 5140000000 | J32: 4430000000 | K32: 6110000000 | L32: 4000000000 | M32: 4930000000 | N32: 5.8319511e+09
A33: PST.MI | B33: Poste Italiane | C33: Italy | D33: FTSE MIB | E33: 9.2652482e+09 | F33: 8241554100 | G33: 8.2210227e+09 | H33: 9103586700 | I33: 1.3164623e+10 | J33: 1.0823089e+10 | K33: 1.5012121e+10 | L33: 1.1855981e+10 | M33: 1.3439744e+10 | N33: 1.7635247e+10
A34: PRY.MI | B34: Prysmian Group | C34: Italy | D34: FTSE MIB | E34: 4.3345054e+09 | F34: 5.2230282e+09 | G34: 5524952400 | H34: 4274499650 | I34: 5654857110 | J34: 7656007920 | K34: 8721438880 | L34: 9132806020 | M34: 1.1359866e+10 | N34: 17359756400
A35: SPM.MI | B35: Saipem | C35: Italy | D35: FTSE MIB | E35: 3.2911696e+09 | F35: 2.3546078e+09 | G35: 2.0179544e+09 | H35: 1.721633e+09 | I35: 2.2866209e+09 | J35: 1.151601e+09 | K35: 9.1429469e+08 | L35: 1.0625864e+09 | M35: 2.9328674e+09 | N35: 4938721180
A36: SRG.MI | B36: Snam | C36: Italy | D36: FTSE MIB | E36: 1.7042619e+10 | F36: 1.3570566e+10 | G36: 1.3792299e+10 | H36: 1.3229756e+10 | I36: 1.5479782e+10 | J36: 15051296094 | K36: 1.7335418e+10 | L36: 1.5114783e+10 | M36: 1.5625537e+10 | N36: 1.4354874e+10
A37: STLAM.MI | B37: Stellantis | C37: Italy | D37: FTSE MIB | E37: 12960561900 | F37: 13102744540 | G37: 23285578080 | H37: 19463878230 | I37: 20630663660 | J37: 22635069320 | K37: 51059449960 | L37: 41637580140 | M37: 65790538250 | N37: 3.717265e+10
A38: STMMI.MI | B38: STMicroelectronics | C38: Italy | D38: FTSE MIB | E38: 5.8844192e+09 | F38: 9.991363e+09 | G38: 1.9604406e+10 | H38: 1.2855996e+10 | I38: 2.4139694e+10 | J38: 3.3089688e+10 | K38: 4.467895e+10 | L38: 3.1965497e+10 | M38: 4.4764893e+10 | N38: 2.2657951e+10
A39: TEN.MI | B39: Tenaris | C39: Italy | D39: FTSE MIB | E39: 1.4029904e+10 | F39: 2.1070257e+10 | G39: 1.8786803e+10 | H39: 1.2862481e+10 | I39: 1.331458e+10 | J39: 9.5467588e+09 | K39: 1.237699e+10 | L39: 2.057596e+10 | M39: 2.0489951e+10 | N39: 2.1052233e+10
A40: TRN.MI | B40: Terna | C40: Italy | D40: FTSE MIB | E40: 9.5762838e+09 | F40: 8.7428095e+09 | G40: 9.6603509e+09 | H40: 1.0177449e+10 | I40: 1.1952082e+10 | J40: 1.2555946e+10 | K40: 1.4053649e+10 | L40: 13528049886 | M40: 1.5002716e+10 | N40: 1.5316445e+10
A41: UCG.MI | B41: UniCredit | C41: Italy | D41: FTSE MIB | E41: 4.3297578e+10 | F41: 2.3055658e+10 | G41: 3.0594427e+10 | H41: 2.1683595e+10 | I41: 28941910620 | J41: 1.7034014e+10 | K41: 30081804460 | L41: 27462158840 | M41: 42074257680 | N41: 65239227180
A42: UNI.MI | B42: Unipol | C42: Italy | D42: FTSE MIB | E42: 3371482800 | F42: 2426588800 | G42: 2868191400 | H42: 2468710000 | I42: 3660192000 | J42: 2799951000 | K42: 3422241900 | L42: 3260337400 | M42: 3694560000 | N42: 8613480000
A43: DAX 40
A44: ADS.DE | B44: Adidas | C44: Germany | D44: DAX 40 | E44: 1.8120139e+10 | F44: 3.005827e+10 | G44: 3.3829768e+10 | H44: 3.7204362e+10 | I44: 5.726625e+10 | J44: 5.813695e+10 | K44: 4.91646e+10 | L44: 2.3358782e+10 | M44: 3.2534214e+10 | N44: 4.2280423e+10
A45: AIR.DE | B45: Airbus | C45: Germany | D45: DAX 40 | E45: 4.9297724e+10 | F45: 4.8524925e+10 | G45: 6.4083855e+10 | H45: 6.5238134e+10 | I45: 1.0267805e+11 | J45: 7.1519832e+10 | K45: 8.7736629e+10 | L45: 8.7665035e+10 | M45: 1.1048401e+11 | N45: 1.2227027e+11
A46: ALV.DE | B46: Allianz | C46: Germany | D46: DAX 40 | E46: 7.4311768e+10 | F46: 71387801090 | G46: 8.5493399e+10 | H46: 74918710300 | I46: 9.1433903e+10 | J46: 8.2874546e+10 | K46: 8.5328384e+10 | L46: 8.132294e+10 | M46: 9.5858196e+10 | N46: 114945905800
A47: BAS.DE | B47: BASF | C47: Germany | D47: DAX 40 | E47: 64954834880 | F47: 81110880490 | G47: 83866317490 | H47: 55770044880 | I47: 61859560650 | J47: 59443960880 | K47: 56743632620 | L47: 41832368060 | M47: 43543027980 | N47: 38009003120
A48: BMW.DE | B48: BMW | C48: Germany | D48: DAX 40 | E48: 6.4093573e+10 | F48: 5.8291406e+10 | G48: 5.677426e+10 | H48: 4.5861064e+10 | I48: 4.8134754e+10 | J48: 4.7632866e+10 | K48: 5.8392812e+10 | L48: 5.4788877e+10 | M48: 6.5028614e+10 | N48: 4.5065914e+10
A49: BAYN.DE | B49: Bayer | C49: Germany | D49: DAX 40 | E49: 9.4238972e+10 | F49: 8.1210649e+10 | G49: 8.8231167e+10 | H49: 57254653600 | I49: 71476848900 | J49: 47303523000 | K49: 46173740000 | L49: 47480358600 | M49: 33038784600 | N49: 18970530200
A50: BEI.DE | B50: Beiersdorf | C50: Germany | D50: DAX 40 | E50: 1.9089086e+10 | F50: 1.828161e+10 | G50: 2.1819986e+10 | H50: 2.0835592e+10 | I50: 2.4190245e+10 | J50: 2.1420785e+10 | K50: 2.04999e+10 | L50: 2.4314995e+10 | M50: 3.0779336e+10 | N50: 27894968576
A51: BNR.DE | B51: Brenntag | C51: Germany | D51: DAX 40 | E51: 7459260000 | F51: 8157600000 | G51: 8152965000 | H51: 5911170000 | I51: 7490160000 | J51: 9786030000 | K51: 12295110000 | L51: 9226740000 | M51: 12574542000 | N51: 8375236000
A52: CBK.DE | B52: Commerzbank | C52: Germany | D52: DAX 40 | E52: 1.1566004e+10 | F52: 9.0795928e+09 | G52: 1.5842324e+10 | H52: 7.2261035e+09 | I52: 6.9130141e+09 | J52: 6.5999247e+09 | K52: 8.3782726e+09 | L52: 1.1070841e+10 | M52: 1.3403725e+10 | N52: 18679563760
A53: CON.DE | B53: Continental | C53: Germany | D53: DAX 40 | E53: 39938000000 | F53: 32672000000 | G53: 40018000000 | H53: 21450000000 | I53: 20500000000 | J53: 21564000000 | K53: 18622000000 | L53: 11196000000 | M53: 15500000000 | N53: 12964000000
A54: 1COV.DE | B54: Covestro | C54: Germany | D54: DAX 40 | E54: 5.2091949e+09 | F54: 13198950000 | G54: 1.7333229e+10 | H54: 8.2697826e+09 | I54: 7.5741056e+09 | J54: 9.3343682e+09 | K54: 1.0469564e+10 | L54: 6.9786172e+09 | M54: 9.9703323e+09 | N54: 1.0599657e+10
A55: DTG.DE | B55: Daimler Truck | C55: Germany | D55: DAX 40 | E55: Unavailable | F55: Unavailable | G55: Unavailable | H55: 2.4506018e+10 | I55: 2.4507507e+10 | J55: 2.4507507e+10 | K55: 2.6573116e+10 | L55: 2.3824457e+10 | M55: 27828360000 | N55: 29332600000
A56: DBK.DE | B56: Deutsche Bank | C56: Germany | D56: DAX 40 | E56: 3.5056981e+10 | F56: 2.3966878e+10 | G56: 31247076000 | H56: 1.503073e+10 | I56: 14601200000 | J56: 1.886839e+10 | K56: 23103430000 | L56: 22079091000 | M56: 25512276000 | N56: 33173504000
A57: DB1.DE | B57: Deutsche Boerse | C57: Germany | D57: DAX 40 | E57: 1.5056981e+10 | F57: 1.4272509e+10 | G57: 1.7910068e+10 | H57: 1.9588807e+10 | I57: 2.5700875e+10 | J57: 25545751713 | K57: 2.6999632e+10 | L57: 29637997401 | M57: 3.4076862e+10 | N57: 40881568000
A58: DHL.DE | B58: Deutsche Post (DHL) | C58: Germany | D58: DAX 40 | E58: 3.1427699e+10 | F58: 3.7584613e+10 | G58: 4.7726258e+10 | H58: 2.9510544e+10 | I58: 4.1972073e+10 | J58: 50094453888 | K58: 6.9682794e+10 | L58: 4.2709397e+10 | M58: 5.3333391e+10 | N58: 3.9626189e+10
A59: P911.DE | B59: Porsche AG | C59: Germany | D59: DAX 40 | E59: Unavailable | F59: Unavailable | G59: Unavailable | H59: 75157500000 | I59: 75157500000 | J59: 75157500000 | K59: 75157500000 | L59: 8.5889937e+10 | M59: 7.2428559e+10 | N59: 53220620000
A60: DTE.DE | B60: Deutsche Telekom | C60: Germany | D60: DAX 40 | E60: 75989570000 | F60: 75665000000 | G60: 69604400000 | H60: 70276440000 | I60: 69105510000 | J60: 70955280000 | K60: 78451900000 | L60: 92678080000 | M60: 108228000000 | N60: 142658820000
A61: EOAN.DE | B61: E.ON | C61: Germany | D61: DAX 40 | E61: 15104880000 | F61: 13078400000 | G61: 19331320000 | H61: 19286300000 | I61: 21829360000 | J61: 23619420000 | K61: 31791520000 | L61: 24341970000 | M61: 31828090000 | N61: 29385000000
A62: FRE.DE | B62: Fresenius | C62: Germany | D62: DAX 40 | E62: 3.594652e+10 | F62: 4.0649762e+10 | G62: 3.6123056e+10 | H62: 2.4032407e+10 | I62: 2.7941266e+10 | J62: 2.1093975e+10 | K62: 1.975539e+10 | L62: 1.4733188e+10 | M62: 1.581007e+10 | N62: 1.8890978e+10
A63: HNR1.DE | B63: Hannover Rueck | C63: Germany | D63: DAX 40 | E63: 1.2743617e+10 | F63: 1.2399829e+10 | G63: 1.2710922e+10 | H63: 1.4037491e+10 | I63: 2.0778863e+10 | J63: 1.5719182e+10 | K63: 2.0158421e+10 | L63: 2.2386151e+10 | M63: 2.6087524e+10 | N63: 2.9112118e+10
A64: HEI.DE | B64: Heidelberg Materials | C64: Germany | D64: DAX 40 | E64: 14210207920 | F64: 17107628490 | G64: 17857440000 | H64: 10571604480 | I64: 12889103360 | J64: 12147027520 | K64: 11743772160 | L64: 10071411840 | M64: 14974547520 | N64: 2.1982224e+10
A65: HEN3.DE | B65: Henkel | C65: Germany | D65: DAX 40 | E65: 4.4817509e+10 | F65: 4.9182006e+10 | G65: 4.731461e+10 | H65: 4.1569109e+10 | I65: 4.004045e+10 | J65: 4.0083878e+10 | K65: 3.0894551e+10 | L65: 2.7855644e+10 | M65: 3.0680345e+10 | N65: 3.5563368e+10
A66: IFX.DE | B66: Infineon | C66: Germany | D66: DAX 40 | E66: 11293356000 | F66: 17868176000 | G66: 24005322000 | H66: 22598695000 | I66: 19207734000 | J66: 30499740000 | K66: 46231636000 | L66: 29563878000 | M66: 40862080000 | N66: 40929460000
A67: MBG.DE | B67: Mercedes-Benz | C67: Germany | D67: DAX 40 | E67: 68905818000 | F67: 62807958000 | G67: 62722374000 | H67: 40192386000 | I67: 43851102000 | J67: 51329004000 | K67: 72307782000 | L67: 65685720000 | M67: 6.7104468e+10 | N67: 53907600000
A68: MRK.DE | B68: Merck KGaA | C68: Germany | D68: DAX 40 | E68: 3.8943055e+10 | F68: 43070760000 | G68: 3.9121313e+10 | H68: 3.9295225e+10 | I68: 4.5803849e+10 | J68: 6.1021075e+10 | K68: 98694578306 | L68: 7.8651318e+10 | M68: 6.2651492e+10 | N68: 6.0825425e+10
A69: MTX.DE | B69: MTU Aero Engines | C69: Germany | D69: DAX 40 | E69: 4.6017067e+09 | F69: 5628591756 | G69: 7.6803645e+09 | H69: 8763407378 | I69: 1.3191724e+10 | J69: 1.130712e+10 | K69: 9.5665585e+09 | L69: 1.079071e+10 | M69: 1.0483252e+10 | N69: 17563636188
A70: MUV2.DE | B70: Munich Re | C70: Germany | D70: DAX 40 | E70: 3.0615718e+10 | F70: 2.8739537e+10 | G70: 2.7761791e+10 | H70: 28015751646 | I70: 37776934968 | J70: 34061252630 | K70: 3.6495772e+10 | L70: 42366789152 | M70: 5.1004902e+10 | N70: 6.4728867e+10
A71: PAH3.DE | B71: Porsche Automobil Holding | C71: Germany | D71: DAX 40 | E71: 15315562500 | F71: 15845375000 | G71: 21364000000 | H71: 15612625000 | I71: 20408500000 | J71: 17272500000 | K71: 25553500000 | L71: 15692250000 | M71: 14185500000 | N71: 11132187500
... A77: SIE.DE | B77: Siemens | C77: Germany | D77: DAX 40 | E77: 65823235520 | F77: 84265081200 | G77: 96811856000 | H77: 89934051420 | I77: 79314572250 | J77: 86987419800 | K77: 113795571680 | L77: 81095405600 | M77: 107380045080 | N77: 142868174980
A78: ENR.DE | B78: Siemens Energy | C78: Germany | D78: DAX 40 | E78: Unavailable | F78: Unavailable | G78: 8.4766795e+09 | H78: 8.4766795e+09 | I78: 1.5412145e+10 | J78: 16703980000 | K78: 16603572810 | L78: 8210219530 | M78: 10261806760 | N78: 28532928280
A79: SHL.DE | B79: Siemens Healthineers | C79: Germany | D79: DAX 40 | E79: 30200000000 | F79: 30200000000 | G79: 30200000000 | H79: 37956241960 | I79: 36072744500 | J79: 38371199700 | K79: 61780584200 | L79: 49717318320 | M79: 53734656000 | N79: 6.0112713e+10
A80: SY1.DE | B80: Symrise | C80: Germany | D80: DAX 40 | E80: 7.9614052e+09 | F80: 7.5070612e+09 | G80: 9.2971765e+09 | H80: 8.5832074e+09 | I80: 1.2644505e+10 | J80: 14680244524 | K80: 1.7803368e+10 | L80: 1.4207829e+10 | M80: 1.3728411e+10 | N80: 1.4352991e+10
A81: VOW3.DE | B81: Volkswagen | C81: Germany | D81: DAX 40 | E81: 6.7048241e+10 | F81: 6.6847723e+10 | G81: 8.3064625e+10 | H81: 6.8306493e+10 | I81: 8.8348277e+10 | J81: 7.6407424e+10 | K81: 8.8969883e+10 | L81: 5.8360795e+10 | M81: 5.604481e+10 | N81: 44635306800
A82: VNA.DE | B82: Vonovia | C82: Germany | D82: DAX 40 | E82: 1.3625938e+10 | F82: 1.7017949e+10 | G82: 2.3013708e+10 | H82: 2.3839997e+10 | I82: 3.0214054e+10 | J82: 3.8837535e+10 | K82: 3.0383627e+10 | L82: 1.7288406e+10 | M82: 2.3010421e+10 | N82: 2.4023473e+10
A83: ZAL.DE | B83: Zalando | C83: Germany | D83: DAX 40 | E83: 8961680000 | F83: 8970888000 | G83: 10868835000 | H83: 5678008000 | I83: 11186568000 | J83: 22810530000 | K83: 18325664000 | L83: 8.539069e+09 | M83: 5443312000 | N83: 8392249000
A84: CAC 40
A85: MC.PA | B85: LVMH | C85: France | D85: CAC 40 | E85: 7.2797107e+10 | F85: 91228078075 | G85: 1.2329208e+11 | H85: 1.2982953e+11 | I85: 2.0843325e+11 | J85: 2.5732974e+11 | K85: 366137343716 | L85: 3.4139186e+11 | M85: 3.6684151e+11 | N85: 317376961500
A86: SU.PA | B86: Schneider Electric | C86: France | D86: CAC 40 | E86: 29872265760 | F86: 37102386420 | G86: 39052324620 | H86: 33085238320 | I86: 50422630500 | J86: 65510636100 | K86: 95962262720 | L86: 72958622880 | M86: 101768805880 | N86: 135076484400
A87: AIR.PA | B87: Airbus | C87: France | D87: CAC 40 | E87: 48708508138 | F87: 4.8625519e+10 | G87: 64223134266 | H87: 6.50831e+10 | I87: 1.0138816e+11 | J87: 7.0313738e+10 | K87: 8.8239238e+10 | L87: 8.7381686e+10 | M87: 1.1024739e+11 | N87: 1.2227027e+11
A88: TTE.PA | B88: TotalEnergies | C88: France | D88: CAC 40 | E88: 1.0286719e+11 | F88: 1.2191113e+11 | G88: 1.3729308e+11 | H88: 1.3780954e+11 | I88: 1.4364521e+11 | J88: 1.1220309e+11 | K88: 1.3368827e+11 | L88: 1.6031295e+11 | M88: 165479598592 | N88: 1.2699812e+11
A89: SAN.PA | B89: Sanofi | C89: France | D89: CAC 40 | E89: 1.0380377e+11 | F89: 98939540000 | G89: 9.0855866e+10 | H89: 94355586000 | I89: 112016038000 | J89: 98658320000 | K89: 110946450000 | L89: 112470696000 | M89: 112352592000 | N89: 117306236000
A90: SAF.PA | B90: Safran | C90: France | D90: CAC 40 | E90: 2.6389051e+10 | F90: 2.8484965e+10 | G90: 3.4952537e+10 | H90: 45418104774 | I90: 5.9151422e+10 | J90: 4.9398843e+10 | K90: 4.5933185e+10 | L90: 4.9887502e+10 | M90: 6.6880702e+10 | N90: 88265315313
A91: AI.PA | B91: Air Liquide | C91: France | D91: CAC 40 | E91: 3.5350276e+10 | F91: 3.8113244e+10 | G91: 4.4558395e+10 | H91: 4.6393163e+10 | I91: 5.9468743e+10 | J91: 6.3312523e+10 | K91: 7.2593608e+10 | L91: 6.9119851e+10 | M91: 91317051720 | N91: 9.0457721e+10
A92: OR.PA | B92: L'Oreal | C92: France | D92: CAC 40 | E92: 8.6556647e+10 | F92: 9.6963605e+10 | G92: 1.0186441e+11 | H92: 1.1259216e+11 | I92: 147771285552 | J92: 1.7376869e+11 | K92: 2.3249161e+11 | L92: 1.7877579e+11 | M92: 2.4191144e+11 | N92: 1.8271296e+11
A93: EL.PA | B93: EssilorLuxottica | C93: France | D93: CAC 40 | E93: 2.4416697e+10 | F93: 2.3038848e+10 | G93: 2.5350279e+10 | H93: 2.8794283e+10 | I93: 5.8948709e+10 | J93: 5.5595067e+10 | K93: 8.2163897e+10 | L93: 7.479483e+10 | M93: 8.1791197e+10 | N93: 1.0694514e+11
A94: BNP.PA | B94: BNP Paribas | C94: France | D94: CAC 40 | E94: 6.492133e+10 | F94: 7.5352658e+10 | G94: 7.7388157e+10 | H94: 4.9271765e+10 | I94: 6.5931513e+10 | J94: 5.3793594e+10 | K94: 7.5781084e+10 | L94: 6.5656803e+10 | M94: 7.5130992e+10 | N94: 67114144440
A95: CS.PA | B95: AXA | C95: France | D95: CAC 40 | E95: 61283670000 | F95: 57959840000 | G95: 59300200000 | H95: 44943380000 | I95: 59837130000 | J95: 46453310000 | K95: 62308400000 | L95: 59677400000 | M95: 6.5650759e+10 | N95: 7.7327863e+10
A96: RMS.PA | B96: Hermes | C96: France | D96: CAC 40 | E96: 32545416837 | F96: 40762371000 | G96: 4.6604456e+10 | H96: 5.0529287e+10 | I96: 6.944018e+10 | J96: 9.1857307e+10 | K96: 160701434880 | L96: 151096033405 | M96: 1.9855927e+11 | N96: 243299930904
... A122: BIM.PA | B122: bioMerieux | C122: France | D122: CAC 40 | E122: 4.3367304e+09 | F122: 5.5833725e+09 | G122: 8.7460495e+09 | H122: 6.7730272e+09 | I122: 9.387272e+09 | J122: 1.363411e+10 | K122: 1.4771346e+10 | L122: 1.1549287e+10 | M122: 1.1886316e+10 | N122: 12188746638
A123: IBEX 35
A124: ITX.MC | B124: Inditex | C124: Spain | D124: IBEX 35 | E124: 8.1394036e+10 | F124: 94857741440 | G124: 9.5090779e+10 | H124: 8.987861e+10 | I124: 7.581864e+10 | J124: 94583842080 | K124: 7.665663e+10 | L124: 8.3256888e+10 | M124: 89078462100 | N124: 123512276470
A125: SAN.MC | B125: Banco Santander | C125: Spain | D125: IBEX 35 | E125: 64385972600 | F125: 70247508310 | G125: 84013564170 | H125: 61531846710 | I125: 60901422540 | J125: 43983374060 | K125: 50779841700 | L125: 47175366000 | M125: 62262527250 | N125: 69119327220
A126: IBE.MC | B126: Iberdrola | C126: Spain | D126: IBEX 35 | E126: 4.1600518e+10 | F126: 4.1279623e+10 | G126: 4.2753629e+10 | H126: 4.7313725e+10 | I126: 61268843880 | J126: 75314116800 | K126: 67035528120 | L126: 72769677490 | M126: 76342807120 | N126: 85655524500
A127: BBVA.MC | B127: BBVA | C127: Spain | D127: IBEX 35 | E127: 43924580000 | F127: 44549500000 | G127: 51905250000 | H127: 30791040000 | I127: 33107040000 | J127: 26880277360 | K127: 33605250000 | L127: 34844070000 | M127: 49009650000 | N127: 56950207650
A128: TEF.MC | B128: Telefonica | C128: Spain | D128: IBEX 35 | E128: 50462720000 | F128: 43299620280 | G128: 41852439720 | H128: 37629060500 | I128: 31892229740 | J128: 17781270000 | K128: 22047529350 | L128: 19458955950 | M128: 20008541260 | N128: 22204638300
A129: FER.MC | B129: Ferrovial | C129: Spain | D129: IBEX 35 | E129: 15266599600 | F129: 12910344000 | G129: 13945419360 | H129: 14326167600 | I129: 19733382630 | J129: 16879171600 | K129: 20167636320 | L129: 17703482190 | M129: 24046980100 | N129: 29402154600
A130: CABK.MC | B130: CaixaBank | C130: Spain | D130: IBEX 35 | E130: 18683371650 | F130: 18343770100 | G130: 23731909670 | H130: 18892508720 | I130: 16738400000 | J130: 12551700000 | K130: 18255750000 | L130: 28695730000 | M130: 27863100000 | N130: 38052880000
A131: AMS.MC | B131: Amadeus IT | C131: Spain | D131: IBEX 35 | E131: 1.7763979e+10 | F131: 1.885751e+10 | G131: 2.6325088e+10 | H131: 2.618356e+10 | I131: 31363175116 | J131: 26516528920 | K131: 2.6839953e+10 | L131: 2.1845025e+10 | M131: 2.9029846e+10 | N131: 2.9739937e+10
A132: REP.MC | B132: Repsol | C132: Spain | D132: IBEX 35 | E132: 15048440000 | F132: 20639960000 | G132: 24313780000 | H132: 23527680000 | I132: 22797322590 | J132: 12969000000 | K132: 15566040000 | L132: 20997900000 | M132: 17000800000 | N132: 13829270000
A133: AENA.MC | B133: Aena | C133: Spain | D133: IBEX 35 | E133: 15810000000 | F133: 19447500000 | G133: 25575000000 | H133: 20362500000 | I133: 25575000000 | J133: 21330000000 | K133: 20820000000 | L133: 17595000000 | M133: 2.461974e+10 | N133: 2.9621088e+09
A134: ENG.MC | B134: Enagas | C134: Spain | D134: IBEX 35 | E134: 6207084000 | F134: 5753219380 | G134: 5691228620 | H134: 5629237860 | I134: 5433222720 | J134: 4698939360 | K134: 5334355200 | L134: 4058672320 | M134: 3.9926737e+09 | N134: 3074921620
A135: RED.MC | B135: Redeia (REE) | C135: Spain | D135: IBEX 35 | E135: 1.0406284e+10 | F135: 9.6612949e+09 | G135: 9.9492642e+09 | H135: 1.0508372e+10 | I135: 9.6682191e+09 | J135: 9.036348e+09 | K135: 1.0252335e+10 | L135: 8.7691508e+09 | M135: 8.045884e+09 | N135: 8.9038958e+09
... A155: ELE.MC | B155: Endesa | C155: Spain | D155: IBEX 35 | E155: 1.9526913e+10 | F155: 2.131268e+10 | G155: 1.8803438e+10 | H155: 2.1286724e+10 | I155: 2.5187713e+10 | J155: 2.3662647e+10 | K155: 2.1384735e+10 | L155: 1.8673117e+10 | M155: 1.9539389e+10 | N155: 2.2030202e+10
A156: SGRE.MC | B156: Puig Brands | C156: Spain | D156: IBEX 35 | E156: 4.9841921e+09 | H156: 1.226479e+10 | I156: 1.2264812e+10 | J156: 1.2265282e+10 | K156: 1.2272311e+10 | L156: 1.2286722e+10 | M156: 2023 data not available yet. | N156: 2024 data not available yet.

Sheet Dividends Per Share
A1: Dividends Per Share (€)
A2: Values to be filled manually. Blue cells = data input fields.
A3: Ticker | B3: Company | C3: Country | D3: Index | E3: 2015 | F3: 2016 | G3: 2017 | H3: 2018 | I3: 2019 | J3: 2020 | K3: 2021 | L3: 2022 | M3: 2023 | N3: 2024
A4: FTSE MIB
A5: A2A.MI | B5: A2A | C5: Italy | D5: FTSE MIB | E5: 0.0363 | F5: 0.041 | G5: 0.0492 | H5: 0.0578 | I5: 0.07 | J5: 0.0775 | K5: 0.08 | L5: 0.0904 | M5: 0.0904 | N5: 0.0958
A6: AMP.MI | B6: Amplifon | C6: Italy | D6: FTSE MIB | E6: 0.043 | F6: 0.043 | G6: 0.07 | H6: 0.11 | I6: 0.14 | J6: 0 | K6: 0.22 | L6: 0.26 | M6: 0.25181 | N6: 0.29
A7: G.MI | B7: Assicurazioni Generali | C7: Italy | D7: FTSE MIB | E7: 0.6 | F7: 0.72 | G7: 0.8 | H7: 0.85 | I7: 0.9 | J7: 0.5 | K7: 1.47 | L7: 1.07 | M7: 1.16 | N7: 1.28
A8: AZM.MI | B8: Azimut Holding | C8: Italy | D8: FTSE MIB | E8: 0.1014 | F8: 1.5217 | G8: 1.0145 | H8: 1.0145 | I8: 1.196 | J8: 1 | K8: 1 | L8: 1.3 | M8: 1.3 | N8: 1
A9: BGN.MI | B9: Banca Generali | C9: Italy | D9: FTSE MIB | E9: 0.98 | F9: 1.2 | G9: 1.07 | H9: 1.25 | I9: 1.25 | J9: 0 | K9: 2.7 | L9: 1.75 | M9: 1.8 | N9: 2.2
A10: BMED.MI | B10: Banca Mediolanum | C10: Italy | D10: FTSE MIB | E10: 0.28 | F10: 0.3 | G10: 0.3 | H10: 0.4 | I10: 0.41 | J10: 0 | K10: 1.01 | L10: 0.43886 | M10: 0.46689 | N10: 0.68303
A11: BAMI.MI | B11: Banco BPM | C11: Italy | D11: FTSE MIB | E11: 0 | F11: 0.1511 | G11: 0 | H11: 0 | I11: 0 | J11: 0 | K11: 0.06 | L11: 0.19 | M11: 0.23 | N11: 0.96
A12: BPE.MI | B12: BPER Banca | C12: Italy | D12: FTSE MIB | E12: 0.02 | F12: 0.1 | G12: 0.06 | H12: 0.11 | I12: 0.13 | J12: 0 | K12: 0.04 | L12: 0.06 | M12: 0.12 | N12: 0.3
A13: BZU.MI | B13: Buzzi | C13: Italy | D13: FTSE MIB | E13: 0.05 | F13: 0.075 | G13: 0.1 | H13: 0.12 | I13: 0.125 | J13: 0.15 | K13: 1 | L13: 0.4 | M13: 0.38678 | N13: 0.5157
A14: CPR.MI | B14: Campari Group | C14: Italy | D14: FTSE MIB | E14: 0.08 | F14: 0.09 | G14: 0.045 | H14: 0.05 | I14: 0.05 | J14: 0.055 | K14: 0.055 | L14: 0.06 | M14: 0.06 | N14: 0.065
A15: CNHI.MI | B15: CNH Industrial | C15: Italy | D15: FTSE MIB | E15: 0.2 | F15: 0.13 | G15: 0.11 | H15: 0.14 | I15: 0.18 | J15: 0.18 | K15: 0.11 | L15: 0.28 | M15: 0.36 | N15: 0
A16: DIA.MI | B16: DiaSorin | C16: Italy | D16: FTSE MIB | E16: 0.6 | F16: 0.65 | G16: 0.8 | H16: 2.65 | I16: 0.9 | J16: 0.95 | K16: 1 | L16: 1.05 | M16: 0.95788 | N16: 1.00142
... A42: UNI.MI | B42: Unipol | C42: Italy | D42: FTSE MIB | E42: 0.17 | F42: 0.18 | G42: 0.18 | H42: 0.18 | I42: 0.18 | J42: 0 | K42: 0.56 | L42: 0.3 | M42: 0.37 | N42: 0.38
A43: DAX 40
A44: ADS.DE | B44: Adidas | C44: Germany | D44: DAX 40 | E44: 1.5 | F44: 1.6 | G44: 2 | H44: 2.6 | I44: 3.35 | J44: 0 | K44: 3 | L44: 3.3 | M44: 0.7 | N44: 0.7
A45: AIR.DE | B45: Airbus | C45: Germany | D45: DAX 40 | E45: 1.2 | F45: 0 | G45: 1.35 | H45: 1.5 | I45: 1.65 | J45: 0 | K45: 0 | L45: 1.5 | M45: 1.8 | N45: 2.8
A46: ALV.DE | B46: Allianz | C46: Germany | D46: DAX 40 | E46: 6.85 | F46: 7.3 | G46: 7.6 | H46: 8 | I46: 9 | J46: 9.6 | K46: 9.6 | L46: 10.8 | M46: 11.4 | N46: 13.8
A47: BAS.DE | B47: BASF | C47: Germany | D47: DAX 40 | E47: 2.8 | F47: 2.9 | G47: 3 | H47: 3.1 | I47: 3.2 | J47: 3.3 | K47: 3.3 | L47: 3.4 | M47: 3.4 | N47: 3.4
A48: BMW.DE | B48: BMW | C48: Germany | D48: DAX 40 | E48: 2.9 | F48: 3.2 | G48: 3.5 | H48: 4 | I48: 3.5 | J48: 2.5 | K48: 1.9 | L48: 5.8 | M48: 7.40265 | N48: 5.2254
A49: BAYN.DE | B49: Bayer | C49: Germany | D49: DAX 40 | E49: 2.25 | F49: 2.5 | G49: 2.7 | H49: 2.8 | I49: 2.8 | J49: 2.8 | K49: 2 | L49: 2 | M49: 2.4 | N49: 0.11
A50: BEI.DE | B50: Beiersdorf | C50: Germany | D50: DAX 40 | E50: 0.7 | F50: 0.7 | G50: 0.7 | H50: 0.7 | I50: 0.7 | J50: 0.7 | K50: 0.7 | L50: 0.7 | M50: 0.7 | N50: 1
A51: BNR.DE | B51: Brenntag | C51: Germany | D51: DAX 40 | E51: 0.9 | F51: 1 | G51: 1.05 | H51: 1.1 | I51: 1.2 | J51: 1.25 | K51: 1.35 | L51: 1.45 | M51: 2 | N51: 2.1
A52: CBK.DE | B52: Commerzbank | C52: Germany | D52: DAX 40 | E52: 0 | F52: 0.2 | G52: 0 | H52: 0 | I52: 0.2 | J52: 0 | K52: 0 | L52: 0 | M52: 0.17364 | N52: 0.30387
A53: CON.DE | B53: Continental | C53: Germany | D53: DAX 40 | E53: 3.25 | F53: 3.75 | G53: 4.25 | H53: 4.5 | I53: 4.75 | J53: 3 | K53: 0 | L53: 2.2 | M53: 1.5 | N53: 2.2
A54: 1COV.DE | B54: Covestro | C54: Germany | D54: DAX 40 | E54: 0 | F54: 0.7 | G54: 1.35 | H54: 2.2 | I54: 2.4 | J54: 1.2 | K54: 1.3 | L54: 3.4 | M54: 0 | N54: 0
A55: DTG.DE | B55: Daimler Truck | C55: Germany | D55: DAX 40 | E55: 0 | F55: 0 | G55: 0 | H55: 0 | I55: 0 | J55: 0 | K55: 0 | L55: 0 | M55: 1.3 | N55: 1.9
... A82: VNA.DE | B82: Vonovia | C82: Germany | D82: DAX 40 | E82: 1.4699 | F82: 2.0123 | G82: 2.3976 | H82: 1.32 | I82: 1.44 | J82: 1.57 | K82: 1.69 | L82: 1.66 | M82: 0.85 | N82: 0.9
A83: ZAL.DE | B83: Zalando | C83: Germany | D83: DAX 40 | E83: Unavailable | F83: Unavailable | G83: Unavailable | H83: Unavailable | I83: Unavailable | J83: Unavailable | K83: Unavailable | L83: Unavailable | M83: Unavailable | N83: Unavailable
A84: CAC 40
A85: MC.PA | B85: LVMH | C85: France | D85: CAC 40 | E85: 3.3 | F85: 3.6 | G85: 4.2 | H85: 5.4 | I85: 6.2 | J85: 4.6 | K85: 7 | L85: 12 | M85: 12.5 | N85: 13
A86: SU.PA | B86: Schneider Electric | C86: France | D86: CAC 40 | E86: 1.36 | F86: 2 | G86: 2.04 | H86: 2.2 | I86: 2.35 | J86: 2.55 | K86: 2.6 | L86: 2.9 | M86: 3.15 | N86: 3.5
A87: AIR.PA | B87: Airbus | C87: France | D87: CAC 40 | E87: 1.2 | F87: 1.3 | G87: 1.35 | H87: 1.5 | I87: 1.65 | J87: 0 | K87: 0 | L87: 1.5 | M87: 1.8 | N87: 1.8
A88: TTE.PA | B88: TotalEnergies | C88: France | D88: CAC 40 | E88: 2.44 | F88: 2.44 | G88: 2.47 | H88: 2.52 | I88: 1.94 | J88: 2.68 | K88: 2.64 | L88: 3.67 | M88: 2.86 | N88: 3.06
A89: SAN.PA | B89: Sanofi | C89: France | D89: CAC 40 | E89: 2.85 | F89: 2.93 | G89: 2.96 | H89: 3.03 | I89: 3.07 | J89: 3.15 | K89: 3.2 | L89: 3.33 | M89: 3.56 | N89: 3.76
